KEY,FREQ,REF_AREA,CURRENCY,PROVIDER_FM,INSTRUMENT_FM,PROVIDER_FM_ID,DATA_TYPE_FM,TIME_PERIOD,OBS_VALUE,OBS_STATUS,OBS_CONF,OBS_PRE_BREAK,OBS_COM,TIME_FORMAT,BREAKS,COLLECTION,COMPILING_ORG,DISS_ORG,DOM_SER_IDS,FM_CONTRACT_TIME,FM_COUPON_RATE,FM_IDENTIFIER,FM_LOT_SIZE,FM_MATURITY,FM_OUTS_AMOUNT,FM_PUT_CALL,FM_STRIKE_PRICE,PUBL_MU,PUBL_PUBLIC,UNIT_INDEX_BASE,COMPILATION,COVERAGE,DECIMALS,SOURCE_AGENCY,SOURCE_PUB,TITLE,TITLE_COMPL,UNIT,UNIT_MULT
FM.B.U2.EUR.4F.KR.MRR_MBR.LEV,B,U2,EUR,4F,KR,MRR_MBR,LEV,2000-06-28,4.25,A,F,,,P1D,,A,,,,,,,,,,,,,,,,,4,,,ECB Main refinancing operations - variable rate tenders (minimun bid rate) (date of changes) - Level,"Euro area (changing composition) - Key interest rate - ECB Main refinancing operations - variable rate tenders (minimun bid rate) (date of changes) - Level - Euro, provided by ECB",PCPA,0
FM.B.U2.EUR.4F.KR.MRR_MBR.LEV,B,U2,EUR,4F,KR,MRR_MBR,LEV,2000-09-01,4.5,A,F,,,P1D,,A,,,,,,,,,,,,,,,,,4,,,ECB Main refinancing operations - variable rate tenders (minimun bid rate) (date of changes) - Level,"Euro area (changing composition) - Key interest rate - ECB Main refinancing operations - variable rate tenders (minimun bid rate) (date of changes) - Level - Euro, provided by ECB",PCPA,0
FM.B.U2.EUR.4F.KR.MRR_MBR.LEV,B,U2,EUR,4F,KR,MRR_MBR,LEV,2000-10-06,4.75,A,F,,,P1D,,A,,,,,,,,,,,,,,,,,4,,,ECB Main refinancing operations - variable rate tenders (minimun bid rate) (date of changes) - Level,"Euro area (changing composition) - Key interest rate - ECB Main refinancing operations - variable rate tenders (minimun bid rate) (date of changes) - Level - Euro, provided by ECB",PCPA,0
FM.B.U2.EUR.4F.KR.MRR_MBR.LEV,B,U2,EUR,4F,KR,MRR_MBR,LEV,2001-05-11,4.5,A,F,,,P1D,,A,,,,,,,,,,,,,,,,,4,,,ECB Main refinancing operations - variable rate tenders (minimun bid rate) (date of changes) - Level,"Euro area (changing composition) - Key interest rate - ECB Main refinancing operations - variable rate tenders (minimun bid rate) (date of changes) - Level - Euro, provided by ECB",PCPA,0
FM.B.U2.EUR.4F.KR.MRR_MBR.LEV,B,U2,EUR,4F,KR,MRR_MBR,LEV,2001-08-31,4.25,A,F,,,P1D,,A,,,,,,,,,,,,,,,,,4,,,ECB Main refinancing operations - variable rate tenders (minimun bid rate) (date of changes) - Level,"Euro area (changing composition) - Key interest rate - ECB Main refinancing operations - variable rate tenders (minimun bid rate) (date of changes) - Level - Euro, provided by ECB",PCPA,0
FM.B.U2.EUR.4F.KR.MRR_MBR.LEV,B,U2,EUR,4F,KR,MRR_MBR,LEV,2001-09-18,3.75,A,F,,,P1D,,A,,,,,,,,,,,,,,,,,4,,,ECB Main refinancing operations - variable rate tenders (minimun bid rate) (date of changes) - Level,"Euro area (changing composition) - Key interest rate - ECB Main refinancing operations - variable rate tenders (minimun bid rate) (date of changes) - Level - Euro, provided by ECB",PCPA,0
FM.B.U2.EUR.4F.KR.MRR_MBR.LEV,B,U2,EUR,4F,KR,MRR_MBR,LEV,2001-11-09,3.25,A,F,,,P1D,,A,,,,,,,,,,,,,,,,,4,,,ECB Main refinancing operations - variable rate tenders (minimun bid rate) (date of changes) - Level,"Euro area (changing composition) - Key interest rate - ECB Main refinancing operations - variable rate tenders (minimun bid rate) (date of changes) - Level - Euro, provided by ECB",PCPA,0
FM.B.U2.EUR.4F.KR.MRR_MBR.LEV,B,U2,EUR,4F,KR,MRR_MBR,LEV,2002-12-06,2.75,A,F,,,P1D,,A,,,,,,,,,,,,,,,,,4,,,ECB Main refinancing operations - variable rate tenders (minimun bid rate) (date of changes) - Level,"Euro area (changing composition) - Key interest rate - ECB Main refinancing operations - variable rate tenders (minimun bid rate) (date of changes) - Level - Euro, provided by ECB",PCPA,0
FM.B.U2.EUR.4F.KR.MRR_MBR.LEV,B,U2,EUR,4F,KR,MRR_MBR,LEV,2003-03-07,2.5,A,F,,,P1D,,A,,,,,,,,,,,,,,,,,4,,,ECB Main refinancing operations - variable rate tenders (minimun bid rate) (date of changes) - Level,"Euro area (changing composition) - Key interest rate - ECB Main refinancing operations - variable rate tenders (minimun bid rate) (date of changes) - Level - Euro, provided by ECB",PCPA,0
FM.B.U2.EUR.4F.KR.MRR_MBR.LEV,B,U2,EUR,4F,KR,MRR_MBR,LEV,2003-06-06,2,A,F,,,P1D,,A,,,,,,,,,,,,,,,,,4,,,ECB Main refinancing operations - variable rate tenders (minimun bid rate) (date of changes) - Level,"Euro area (changing composition) - Key interest rate - ECB Main refinancing operations - variable rate tenders (minimun bid rate) (date of changes) - Level - Euro, provided by ECB",PCPA,0
FM.B.U2.EUR.4F.KR.MRR_MBR.LEV,B,U2,EUR,4F,KR,MRR_MBR,LEV,2005-12-06,2.25,A,F,,,P1D,,A,,,,,,,,,,,,,,,,,4,,,ECB Main refinancing operations - variable rate tenders (minimun bid rate) (date of changes) - Level,"Euro area (changing composition) - Key interest rate - ECB Main refinancing operations - variable rate tenders (minimun bid rate) (date of changes) - Level - Euro, provided by ECB",PCPA,0
FM.B.U2.EUR.4F.KR.MRR_MBR.LEV,B,U2,EUR,4F,KR,MRR_MBR,LEV,2006-03-08,2.5,A,F,,,P1D,,A,,,,,,,,,,,,,,,,,4,,,ECB Main refinancing operations - variable rate tenders (minimun bid rate) (date of changes) - Level,"Euro area (changing composition) - Key interest rate - ECB Main refinancing operations - variable rate tenders (minimun bid rate) (date of changes) - Level - Euro, provided by ECB",PCPA,0
FM.B.U2.EUR.4F.KR.MRR_MBR.LEV,B,U2,EUR,4F,KR,MRR_MBR,LEV,2006-06-15,2.75,A,F,,,P1D,,A,,,,,,,,,,,,,,,,,4,,,ECB Main refinancing operations - variable rate tenders (minimun bid rate) (date of changes) - Level,"Euro area (changing composition) - Key interest rate - ECB Main refinancing operations - variable rate tenders (minimun bid rate) (date of changes) - Level - Euro, provided by ECB",PCPA,0
FM.B.U2.EUR.4F.KR.MRR_MBR.LEV,B,U2,EUR,4F,KR,MRR_MBR,LEV,2006-08-09,3,A,F,,,P1D,,A,,,,,,,,,,,,,,,,,4,,,ECB Main refinancing operations - variable rate tenders (minimun bid rate) (date of changes) - Level,"Euro area (changing composition) - Key interest rate - ECB Main refinancing operations - variable rate tenders (minimun bid rate) (date of changes) - Level - Euro, provided by ECB",PCPA,0
FM.B.U2.EUR.4F.KR.MRR_MBR.LEV,B,U2,EUR,4F,KR,MRR_MBR,LEV,2006-10-11,3.25,A,F,,,P1D,,A,,,,,,,,,,,,,,,,,4,,,ECB Main refinancing operations - variable rate tenders (minimun bid rate) (date of changes) - Level,"Euro area (changing composition) - Key interest rate - ECB Main refinancing operations - variable rate tenders (minimun bid rate) (date of changes) - Level - Euro, provided by ECB",PCPA,0
FM.B.U2.EUR.4F.KR.MRR_MBR.LEV,B,U2,EUR,4F,KR,MRR_MBR,LEV,2006-12-13,3.5,A,F,,,P1D,,A,,,,,,,,,,,,,,,,,4,,,ECB Main refinancing operations - variable rate tenders (minimun bid rate) (date of changes) - Level,"Euro area (changing composition) - Key interest rate - ECB Main refinancing operations - variable rate tenders (minimun bid rate) (date of changes) - Level - Euro, provided by ECB",PCPA,0
FM.B.U2.EUR.4F.KR.MRR_MBR.LEV,B,U2,EUR,4F,KR,MRR_MBR,LEV,2007-03-14,3.75,A,F,,,P1D,,A,,,,,,,,,,,,,,,,,4,,,ECB Main refinancing operations - variable rate tenders (minimun bid rate) (date of changes) - Level,"Euro area (changing composition) - Key interest rate - ECB Main refinancing operations - variable rate tenders (minimun bid rate) (date of changes) - Level - Euro, provided by ECB",PCPA,0
FM.B.U2.EUR.4F.KR.MRR_MBR.LEV,B,U2,EUR,4F,KR,MRR_MBR,LEV,2007-06-13,4,A,F,,,P1D,,A,,,,,,,,,,,,,,,,,4,,,ECB Main refinancing operations - variable rate tenders (minimun bid rate) (date of changes) - Level,"Euro area (changing composition) - Key interest rate - ECB Main refinancing operations - variable rate tenders (minimun bid rate) (date of changes) - Level - Euro, provided by ECB",PCPA,0
FM.B.U2.EUR.4F.KR.MRR_MBR.LEV,B,U2,EUR,4F,KR,MRR_MBR,LEV,2008-07-09,4.25,A,F,,,P1D,,A,,,,,,,,,,,,,,,,,4,,,ECB Main refinancing operations - variable rate tenders (minimun bid rate) (date of changes) - Level,"Euro area (changing composition) - Key interest rate - ECB Main refinancing operations - variable rate tenders (minimun bid rate) (date of changes) - Level - Euro, provided by ECB",PCPA,0
FM.B.U2.EUR.4F.KR.MRR_MBR.LEV,B,U2,EUR,4F,KR,MRR_MBR,LEV,2008-10-08,4.25,A,F,,,P1D,,A,,,,,,,,,,,,,,,,,4,,,ECB Main refinancing operations - variable rate tenders (minimun bid rate) (date of changes) - Level,"Euro area (changing composition) - Key interest rate - ECB Main refinancing operations - variable rate tenders (minimun bid rate) (date of changes) - Level - Euro, provided by ECB",PCPA,0
FM.B.U2.EUR.4F.KR.MRR_MBR.LEV,B,U2,EUR,4F,KR,MRR_MBR,LEV,2008-10-15,,M,F,,,P1D,,A,,,,,,,,,,,,,,,,,4,,,ECB Main refinancing operations - variable rate tenders (minimun bid rate) (date of changes) - Level,"Euro area (changing composition) - Key interest rate - ECB Main refinancing operations - variable rate tenders (minimun bid rate) (date of changes) - Level - Euro, provided by ECB",PCPA,0
