KEY,FREQ,ADJUSTMENT,REF_AREA,COUNTERPART_AREA,REF_SECTOR,COUNTERPART_SECTOR,CONSOLIDATION,ACCOUNTING_ENTRY,STO,INSTR_ASSET,MATURITY,EXPENDITURE,UNIT_MEASURE,CURRENCY_DENOM,VALUATION,PRICES,TRANSFORMATION,CUST_BREAKDOWN,TIME_PERIOD,OBS_VALUE,OBS_STATUS,CONF_STATUS,PRE_BREAK_VALUE,COMMENT_OBS,EMBARGO_DATE,OBS_EDP_WBB,TIME_FORMAT,COLL_PERIOD,COMMENT_TS,COMPILING_ORG,CURRENCY,CUST_BREAKDOWN_LB,DATA_COMP,DECIMALS,DISS_ORG,GFS_ECOFUNC,GFS_TAXCAT,LAST_UPDATE,REF_PERIOD_DETAIL,REF_YEAR_PRICE,REPYEAREND,REPYEARSTART,TABLE_IDENTIFIER,TIME_PER_COLLECT,TITLE,TITLE_COMPL,UNIT_MULT,COMMENT_DSET
GFS.A.N.DE.W0.S13.S1.C.L.LE.GD.T._Z.XDC._T.F.V.N._T,A,N,DE,W0,S13,S1,C,L,LE,GD,T,_Z,XDC,_T,F,V,N,_T,1991,618218,A,F,,,,,P1Y,,"Germany - Closing balance sheet/Positions/Stocks - Maastricht debt - Liabilities (Net Incurrence of) - maturity: All original maturities - counterpart area: World (all areas, including reference area, including IO), counterpart sector: Total economy - Consolidated, Current prices, Face value - Domestic currency (incl. conversion to current currency made using a fixed parity), Neither seasonally adjusted nor calendar adjusted data - ESA 2010",B52,,,,0,,,,,,,,,,E,Government debt (consolidated),,6,
GFS.A.N.DE.W0.S13.S1.C.L.LE.GD.T._Z.XDC._T.F.V.N._T,A,N,DE,W0,S13,S1,C,L,LE,GD,T,_Z,XDC,_T,F,V,N,_T,1992,705567,A,F,,,,,P1Y,,"Germany - Closing balance sheet/Positions/Stocks - Maastricht debt - Liabilities (Net Incurrence of) - maturity: All original maturities - counterpart area: World (all areas, including reference area, including IO), counterpart sector: Total economy - Consolidated, Current prices, Face value - Domestic currency (incl. conversion to current currency made using a fixed parity), Neither seasonally adjusted nor calendar adjusted data - ESA 2010",B52,,,,0,,,,,,,,,,E,Government debt (consolidated),,6,
GFS.A.N.DE.W0.S13.S1.C.L.LE.GD.T._Z.XDC._T.F.V.N._T,A,N,DE,W0,S13,S1,C,L,LE,GD,T,_Z,XDC,_T,F,V,N,_T,1993,789570,A,F,,,,,P1Y,,"Germany - Closing balance sheet/Positions/Stocks - Maastricht debt - Liabilities (Net Incurrence of) - maturity: All original maturities - counterpart area: World (all areas, including reference area, including IO), counterpart sector: Total economy - Consolidated, Current prices, Face value - Domestic currency (incl. conversion to current currency made using a fixed parity), Neither seasonally adjusted nor calendar adjusted data - ESA 2010",B52,,,,0,,,,,,,,,,E,Government debt (consolidated),,6,
GFS.A.N.DE.W0.S13.S1.C.L.LE.GD.T._Z.XDC._T.F.V.N._T,A,N,DE,W0,S13,S1,C,L,LE,GD,T,_Z,XDC,_T,F,V,N,_T,1994,869713,A,F,,,,,P1Y,,"Germany - Closing balance sheet/Positions/Stocks - Maastricht debt - Liabilities (Net Incurrence of) - maturity: All original maturities - counterpart area: World (all areas, including reference area, including IO), counterpart sector: Total economy - Consolidated, Current prices, Face value - Domestic currency (incl. conversion to current currency made using a fixed parity), Neither seasonally adjusted nor calendar adjusted data - ESA 2010",B52,,,,0,,,,,,,,,,E,Government debt (consolidated),,6,
GFS.A.N.DE.W0.S13.S1.C.L.LE.GD.T._Z.XDC._T.F.V.N._T,A,N,DE,W0,S13,S1,C,L,LE,GD,T,_Z,XDC,_T,F,V,N,_T,1995,1042935,A,F,,,,,P1Y,,"Germany - Closing balance sheet/Positions/Stocks - Maastricht debt - Liabilities (Net Incurrence of) - maturity: All original maturities - counterpart area: World (all areas, including reference area, including IO), counterpart sector: Total economy - Consolidated, Current prices, Face value - Domestic currency (incl. conversion to current currency made using a fixed parity), Neither seasonally adjusted nor calendar adjusted data - ESA 2010",B52,,,,0,,,,,,,,,,E,Government debt (consolidated),,6,
GFS.A.N.DE.W0.S13.S1.C.L.LE.GD.T._Z.XDC._T.F.V.N._T,A,N,DE,W0,S13,S1,C,L,LE,GD,T,_Z,XDC,_T,F,V,N,_T,1996,1113188,A,F,,,,,P1Y,,"Germany - Closing balance sheet/Positions/Stocks - Maastricht debt - Liabilities (Net Incurrence of) - maturity: All original maturities - counterpart area: World (all areas, including reference area, including IO), counterpart sector: Total economy - Consolidated, Current prices, Face value - Domestic currency (incl. conversion to current currency made using a fixed parity), Neither seasonally adjusted nor calendar adjusted data - ESA 2010",B52,,,,0,,,,,,,,,,E,Government debt (consolidated),,6,
GFS.A.N.DE.W0.S13.S1.C.L.LE.GD.T._Z.XDC._T.F.V.N._T,A,N,DE,W0,S13,S1,C,L,LE,GD,T,_Z,XDC,_T,F,V,N,_T,1997,1157209,A,F,,,,,P1Y,,"Germany - Closing balance sheet/Positions/Stocks - Maastricht debt - Liabilities (Net Incurrence of) - maturity: All original maturities - counterpart area: World (all areas, including reference area, including IO), counterpart sector: Total economy - Consolidated, Current prices, Face value - Domestic currency (incl. conversion to current currency made using a fixed parity), Neither seasonally adjusted nor calendar adjusted data - ESA 2010",B52,,,,0,,,,,,,,,,E,Government debt (consolidated),,6,
GFS.A.N.DE.W0.S13.S1.C.L.LE.GD.T._Z.XDC._T.F.V.N._T,A,N,DE,W0,S13,S1,C,L,LE,GD,T,_Z,XDC,_T,F,V,N,_T,1998,1202026,A,F,,,,,P1Y,,"Germany - Closing balance sheet/Positions/Stocks - Maastricht debt - Liabilities (Net Incurrence of) - maturity: All original maturities - counterpart area: World (all areas, including reference area, including IO), counterpart sector: Total economy - Consolidated, Current prices, Face value - Domestic currency (incl. conversion to current currency made using a fixed parity), Neither seasonally adjusted nor calendar adjusted data - ESA 2010",B52,,,,0,,,,,,,,,,E,Government debt (consolidated),,6,
GFS.A.N.DE.W0.S13.S1.C.L.LE.GD.T._Z.XDC._T.F.V.N._T,A,N,DE,W0,S13,S1,C,L,LE,GD,T,_Z,XDC,_T,F,V,N,_T,1999,1253598,A,F,,,,,P1Y,,"Germany - Closing balance sheet/Positions/Stocks - Maastricht debt - Liabilities (Net Incurrence of) - maturity: All original maturities - counterpart area: World (all areas, including reference area, including IO), counterpart sector: Total economy - Consolidated, Current prices, Face value - Domestic currency (incl. conversion to current currency made using a fixed parity), Neither seasonally adjusted nor calendar adjusted data - ESA 2010",B52,,,,0,,,,,,,,,,E,Government debt (consolidated),,6,
GFS.A.N.DE.W0.S13.S1.C.L.LE.GD.T._Z.XDC._T.F.V.N._T,A,N,DE,W0,S13,S1,C,L,LE,GD,T,_Z,XDC,_T,F,V,N,_T,2000,1261585,A,F,,,,,P1Y,,"Germany - Closing balance sheet/Positions/Stocks - Maastricht debt - Liabilities (Net Incurrence of) - maturity: All original maturities - counterpart area: World (all areas, including reference area, including IO), counterpart sector: Total economy - Consolidated, Current prices, Face value - Domestic currency (incl. conversion to current currency made using a fixed parity), Neither seasonally adjusted nor calendar adjusted data - ESA 2010",B52,,,,0,,,,,,,,,,E,Government debt (consolidated),,6,
GFS.A.N.DE.W0.S13.S1.C.L.LE.GD.T._Z.XDC._T.F.V.N._T,A,N,DE,W0,S13,S1,C,L,LE,GD,T,_Z,XDC,_T,F,V,N,_T,2001,1274759,A,F,,,,,P1Y,,"Germany - Closing balance sheet/Positions/Stocks - Maastricht debt - Liabilities (Net Incurrence of) - maturity: All original maturities - counterpart area: World (all areas, including reference area, including IO), counterpart sector: Total economy - Consolidated, Current prices, Face value - Domestic currency (incl. conversion to current currency made using a fixed parity), Neither seasonally adjusted nor calendar adjusted data - ESA 2010",B52,,,,0,,,,,,,,,,E,Government debt (consolidated),,6,
GFS.A.N.DE.W0.S13.S1.C.L.LE.GD.T._Z.XDC._T.F.V.N._T,A,N,DE,W0,S13,S1,C,L,LE,GD,T,_Z,XDC,_T,F,V,N,_T,2002,1330083,A,F,,,,,P1Y,,"Germany - Closing balance sheet/Positions/Stocks - Maastricht debt - Liabilities (Net Incurrence of) - maturity: All original maturities - counterpart area: World (all areas, including reference area, including IO), counterpart sector: Total economy - Consolidated, Current prices, Face value - Domestic currency (incl. conversion to current currency made using a fixed parity), Neither seasonally adjusted nor calendar adjusted data - ESA 2010",B52,,,,0,,,,,,,,,,E,Government debt (consolidated),,6,
GFS.A.N.DE.W0.S13.S1.C.L.LE.GD.T._Z.XDC._T.F.V.N._T,A,N,DE,W0,S13,S1,C,L,LE,GD,T,_Z,XDC,_T,F,V,N,_T,2003,1419426,A,F,,,,,P1Y,,"Germany - Closing balance sheet/Positions/Stocks - Maastricht debt - Liabilities (Net Incurrence of) - maturity: All original maturities - counterpart area: World (all areas, including reference area, including IO), counterpart sector: Total economy - Consolidated, Current prices, Face value - Domestic currency (incl. conversion to current currency made using a fixed parity), Neither seasonally adjusted nor calendar adjusted data - ESA 2010",B52,,,,0,,,,,,,,,,E,Government debt (consolidated),,6,
GFS.A.N.DE.W0.S13.S1.C.L.LE.GD.T._Z.XDC._T.F.V.N._T,A,N,DE,W0,S13,S1,C,L,LE,GD,T,_Z,XDC,_T,F,V,N,_T,2004,1489671,A,F,,,,,P1Y,,"Germany - Closing balance sheet/Positions/Stocks - Maastricht debt - Liabilities (Net Incurrence of) - maturity: All original maturities - counterpart area: World (all areas, including reference area, including IO), counterpart sector: Total economy - Consolidated, Current prices, Face value - Domestic currency (incl. conversion to current currency made using a fixed parity), Neither seasonally adjusted nor calendar adjusted data - ESA 2010",B52,,,,0,,,,,,,,,,E,Government debt (consolidated),,6,
GFS.A.N.DE.W0.S13.S1.C.L.LE.GD.T._Z.XDC._T.F.V.N._T,A,N,DE,W0,S13,S1,C,L,LE,GD,T,_Z,XDC,_T,F,V,N,_T,2005,1561021,A,F,,,,,P1Y,,"Germany - Closing balance sheet/Positions/Stocks - Maastricht debt - Liabilities (Net Incurrence of) - maturity: All original maturities - counterpart area: World (all areas, including reference area, including IO), counterpart sector: Total economy - Consolidated, Current prices, Face value - Domestic currency (incl. conversion to current currency made using a fixed parity), Neither seasonally adjusted nor calendar adjusted data - ESA 2010",B52,,,,0,,,,,,,,,,E,Government debt (consolidated),,6,
GFS.A.N.DE.W0.S13.S1.C.L.LE.GD.T._Z.XDC._T.F.V.N._T,A,N,DE,W0,S13,S1,C,L,LE,GD,T,_Z,XDC,_T,F,V,N,_T,2006,1610904,A,F,,,,,P1Y,,"Germany - Closing balance sheet/Positions/Stocks - Maastricht debt - Liabilities (Net Incurrence of) - maturity: All original maturities - counterpart area: World (all areas, including reference area, including IO), counterpart sector: Total economy - Consolidated, Current prices, Face value - Domestic currency (incl. conversion to current currency made using a fixed parity), Neither seasonally adjusted nor calendar adjusted data - ESA 2010",B52,,,,0,,,,,,,,,,E,Government debt (consolidated),,6,
GFS.A.N.DE.W0.S13.S1.C.L.LE.GD.T._Z.XDC._T.F.V.N._T,A,N,DE,W0,S13,S1,C,L,LE,GD,T,_Z,XDC,_T,F,V,N,_T,2007,1619065,A,F,,,,,P1Y,,"Germany - Closing balance sheet/Positions/Stocks - Maastricht debt - Liabilities (Net Incurrence of) - maturity: All original maturities - counterpart area: World (all areas, including reference area, including IO), counterpart sector: Total economy - Consolidated, Current prices, Face value - Domestic currency (incl. conversion to current currency made using a fixed parity), Neither seasonally adjusted nor calendar adjusted data - ESA 2010",B52,,,,0,,,,,,,,,,E,Government debt (consolidated),,6,
GFS.A.N.DE.W0.S13.S1.C.L.LE.GD.T._Z.XDC._T.F.V.N._T,A,N,DE,W0,S13,S1,C,L,LE,GD,T,_Z,XDC,_T,F,V,N,_T,2008,1687442,A,F,,,,,P1Y,,"Germany - Closing balance sheet/Positions/Stocks - Maastricht debt - Liabilities (Net Incurrence of) - maturity: All original maturities - counterpart area: World (all areas, including reference area, including IO), counterpart sector: Total economy - Consolidated, Current prices, Face value - Domestic currency (incl. conversion to current currency made using a fixed parity), Neither seasonally adjusted nor calendar adjusted data - ESA 2010",B52,,,,0,,,,,,,,,,E,Government debt (consolidated),,6,
GFS.A.N.DE.W0.S13.S1.C.L.LE.GD.T._Z.XDC._T.F.V.N._T,A,N,DE,W0,S13,S1,C,L,LE,GD,T,_Z,XDC,_T,F,V,N,_T,2009,1804696,A,F,,,,,P1Y,,"Germany - Closing balance sheet/Positions/Stocks - Maastricht debt - Liabilities (Net Incurrence of) - maturity: All original maturities - counterpart area: World (all areas, including reference area, including IO), counterpart sector: Total economy - Consolidated, Current prices, Face value - Domestic currency (incl. conversion to current currency made using a fixed parity), Neither seasonally adjusted nor calendar adjusted data - ESA 2010",B52,,,,0,,,,,,,,,,E,Government debt (consolidated),,6,
GFS.A.N.DE.W0.S13.S1.C.L.LE.GD.T._Z.XDC._T.F.V.N._T,A,N,DE,W0,S13,S1,C,L,LE,GD,T,_Z,XDC,_T,F,V,N,_T,2010,2119242,A,F,,,,,P1Y,,"Germany - Closing balance sheet/Positions/Stocks - Maastricht debt - Liabilities (Net Incurrence of) - maturity: All original maturities - counterpart area: World (all areas, including reference area, including IO), counterpart sector: Total economy - Consolidated, Current prices, Face value - Domestic currency (incl. conversion to current currency made using a fixed parity), Neither seasonally adjusted nor calendar adjusted data - ESA 2010",B52,,,,0,,,,,,,,,,E,Government debt (consolidated),,6,
GFS.A.N.DE.W0.S13.S1.C.L.LE.GD.T._Z.XDC._T.F.V.N._T,A,N,DE,W0,S13,S1,C,L,LE,GD,T,_Z,XDC,_T,F,V,N,_T,2011,2155876,A,F,,,,,P1Y,,"Germany - Closing balance sheet/Positions/Stocks - Maastricht debt - Liabilities (Net Incurrence of) - maturity: All original maturities - counterpart area: World (all areas, including reference area, including IO), counterpart sector: Total economy - Consolidated, Current prices, Face value - Domestic currency (incl. conversion to current currency made using a fixed parity), Neither seasonally adjusted nor calendar adjusted data - ESA 2010",B52,,,,0,,,,,,,,,,E,Government debt (consolidated),,6,
GFS.A.N.DE.W0.S13.S1.C.L.LE.GD.T._Z.XDC._T.F.V.N._T,A,N,DE,W0,S13,S1,C,L,LE,GD,T,_Z,XDC,_T,F,V,N,_T,2012,2234803,A,F,,,,,P1Y,,"Germany - Closing balance sheet/Positions/Stocks - Maastricht debt - Liabilities (Net Incurrence of) - maturity: All original maturities - counterpart area: World (all areas, including reference area, including IO), counterpart sector: Total economy - Consolidated, Current prices, Face value - Domestic currency (incl. conversion to current currency made using a fixed parity), Neither seasonally adjusted nor calendar adjusted data - ESA 2010",B52,,,,0,,,,,,,,,,E,Government debt (consolidated),,6,
GFS.A.N.DE.W0.S13.S1.C.L.LE.GD.T._Z.XDC._T.F.V.N._T,A,N,DE,W0,S13,S1,C,L,LE,GD,T,_Z,XDC,_T,F,V,N,_T,2013,2220281,A,F,,,,,P1Y,,"Germany - Closing balance sheet/Positions/Stocks - Maastricht debt - Liabilities (Net Incurrence of) - maturity: All original maturities - counterpart area: World (all areas, including reference area, including IO), counterpart sector: Total economy - Consolidated, Current prices, Face value - Domestic currency (incl. conversion to current currency made using a fixed parity), Neither seasonally adjusted nor calendar adjusted data - ESA 2010",B52,,,,0,,,,,,,,,,E,Government debt (consolidated),,6,
GFS.A.N.DE.W0.S13.S1.C.L.LE.GD.T._Z.XDC._T.F.V.N._T,A,N,DE,W0,S13,S1,C,L,LE,GD,T,_Z,XDC,_T,F,V,N,_T,2014,2224559,A,F,,,,,P1Y,,"Germany - Closing balance sheet/Positions/Stocks - Maastricht debt - Liabilities (Net Incurrence of) - maturity: All original maturities - counterpart area: World (all areas, including reference area, including IO), counterpart sector: Total economy - Consolidated, Current prices, Face value - Domestic currency (incl. conversion to current currency made using a fixed parity), Neither seasonally adjusted nor calendar adjusted data - ESA 2010",B52,,,,0,,,,,,,,,,E,Government debt (consolidated),,6,
GFS.A.N.DE.W0.S13.S1.C.L.LE.GD.T._Z.XDC._T.F.V.N._T,A,N,DE,W0,S13,S1,C,L,LE,GD,T,_Z,XDC,_T,F,V,N,_T,2015,2197474,A,F,,,,,P1Y,,"Germany - Closing balance sheet/Positions/Stocks - Maastricht debt - Liabilities (Net Incurrence of) - maturity: All original maturities - counterpart area: World (all areas, including reference area, including IO), counterpart sector: Total economy - Consolidated, Current prices, Face value - Domestic currency (incl. conversion to current currency made using a fixed parity), Neither seasonally adjusted nor calendar adjusted data - ESA 2010",B52,,,,0,,,,,,,,,,E,Government debt (consolidated),,6,
GFS.A.N.DE.W0.S13.S1.C.L.LE.GD.T._Z.XDC._T.F.V.N._T,A,N,DE,W0,S13,S1,C,L,LE,GD,T,_Z,XDC,_T,F,V,N,_T,2016,2182375,A,F,,,,,P1Y,,"Germany - Closing balance sheet/Positions/Stocks - Maastricht debt - Liabilities (Net Incurrence of) - maturity: All original maturities - counterpart area: World (all areas, including reference area, including IO), counterpart sector: Total economy - Consolidated, Current prices, Face value - Domestic currency (incl. conversion to current currency made using a fixed parity), Neither seasonally adjusted nor calendar adjusted data - ESA 2010",B52,,,,0,,,,,,,,,,E,Government debt (consolidated),,6,
GFS.A.N.DE.W0.S13.S1.C.L.LE.GD.T._Z.XDC._T.F.V.N._T,A,N,DE,W0,S13,S1,C,L,LE,GD,T,_Z,XDC,_T,F,V,N,_T,2017,2132784,A,F,,,,,P1Y,,"Germany - Closing balance sheet/Positions/Stocks - Maastricht debt - Liabilities (Net Incurrence of) - maturity: All original maturities - counterpart area: World (all areas, including reference area, including IO), counterpart sector: Total economy - Consolidated, Current prices, Face value - Domestic currency (incl. conversion to current currency made using a fixed parity), Neither seasonally adjusted nor calendar adjusted data - ESA 2010",B52,,,,0,,,,,,,,,,E,Government debt (consolidated),,6,
GFS.A.N.DE.W0.S13.S1.C.L.LE.GD.T._Z.XDC._T.F.V.N._T,A,N,DE,W0,S13,S1,C,L,LE,GD,T,_Z,XDC,_T,F,V,N,_T,2018,2086432,A,F,,,,,P1Y,,"Germany - Closing balance sheet/Positions/Stocks - Maastricht debt - Liabilities (Net Incurrence of) - maturity: All original maturities - counterpart area: World (all areas, including reference area, including IO), counterpart sector: Total economy - Consolidated, Current prices, Face value - Domestic currency (incl. conversion to current currency made using a fixed parity), Neither seasonally adjusted nor calendar adjusted data - ESA 2010",B52,,,,0,,,,,,,,,,E,Government debt (consolidated),,6,
GFS.A.N.DE.W0.S13.S1.C.L.LE.GD.T._Z.XDC._T.F.V.N._T,A,N,DE,W0,S13,S1,C,L,LE,GD,T,_Z,XDC,_T,F,V,N,_T,2019,2075790,A,F,,,,,P1Y,,"Germany - Closing balance sheet/Positions/Stocks - Maastricht debt - Liabilities (Net Incurrence of) - maturity: All original maturities - counterpart area: World (all areas, including reference area, including IO), counterpart sector: Total economy - Consolidated, Current prices, Face value - Domestic currency (incl. conversion to current currency made using a fixed parity), Neither seasonally adjusted nor calendar adjusted data - ESA 2010",B52,,,,0,,,,,,,,,,E,Government debt (consolidated),,6,
GFS.A.N.DE.W0.S13.S1.C.L.LE.GD.T._Z.XDC._T.F.V.N._T,A,N,DE,W0,S13,S1,C,L,LE,GD,T,_Z,XDC,_T,F,V,N,_T,2020,2347905,A,F,,,,,P1Y,,"Germany - Closing balance sheet/Positions/Stocks - Maastricht debt - Liabilities (Net Incurrence of) - maturity: All original maturities - counterpart area: World (all areas, including reference area, including IO), counterpart sector: Total economy - Consolidated, Current prices, Face value - Domestic currency (incl. conversion to current currency made using a fixed parity), Neither seasonally adjusted nor calendar adjusted data - ESA 2010",B52,,,,0,,,,,,,,,,E,Government debt (consolidated),,6,
GFS.A.N.DE.W0.S13.S1.C.L.LE.GD.T._Z.XDC._T.F.V.N._T,A,N,DE,W0,S13,S1,C,L,LE,GD,T,_Z,XDC,_T,F,V,N,_T,2021,2501693,A,F,,,,,P1Y,,"Germany - Closing balance sheet/Positions/Stocks - Maastricht debt - Liabilities (Net Incurrence of) - maturity: All original maturities - counterpart area: World (all areas, including reference area, including IO), counterpart sector: Total economy - Consolidated, Current prices, Face value - Domestic currency (incl. conversion to current currency made using a fixed parity), Neither seasonally adjusted nor calendar adjusted data - ESA 2010",B52,,,,0,,,,,,,,,,E,Government debt (consolidated),,6,
GFS.A.N.DE.W0.S13.S1.C.L.LE.GD.T._Z.XDC._T.F.V.N._T,A,N,DE,W0,S13,S1,C,L,LE,GD,T,_Z,XDC,_T,F,V,N,_T,2022,2569029,P,F,,,,,P1Y,,"Germany - Closing balance sheet/Positions/Stocks - Maastricht debt - Liabilities (Net Incurrence of) - maturity: All original maturities - counterpart area: World (all areas, including reference area, including IO), counterpart sector: Total economy - Consolidated, Current prices, Face value - Domestic currency (incl. conversion to current currency made using a fixed parity), Neither seasonally adjusted nor calendar adjusted data - ESA 2010",B52,,,,0,,,,,,,,,,E,Government debt (consolidated),,6,
GFS.A.N.DE.W0.S13.S1.C.L.LE.GD.T._Z.XDC._T.F.V.N._T,A,N,DE,W0,S13,S1,C,L,LE,GD,T,_Z,XDC,_T,F,V,N,_T,2023,2630547,P,F,,,,,P1Y,,"Germany - Closing balance sheet/Positions/Stocks - Maastricht debt - Liabilities (Net Incurrence of) - maturity: All original maturities - counterpart area: World (all areas, including reference area, including IO), counterpart sector: Total economy - Consolidated, Current prices, Face value - Domestic currency (incl. conversion to current currency made using a fixed parity), Neither seasonally adjusted nor calendar adjusted data - ESA 2010",B52,,,,0,,,,,,,,,,E,Government debt (consolidated),,6,
GFS.A.N.DE.W0.S13.S1.C.L.LE.GD.T._Z.XDC._T.F.V.N._T,A,N,DE,W0,S13,S1,C,L,LE,GD,T,_Z,XDC,_T,F,V,N,_T,2024,2693827,P,F,,,,,P1Y,,"Germany - Closing balance sheet/Positions/Stocks - Maastricht debt - Liabilities (Net Incurrence of) - maturity: All original maturities - counterpart area: World (all areas, including reference area, including IO), counterpart sector: Total economy - Consolidated, Current prices, Face value - Domestic currency (incl. conversion to current currency made using a fixed parity), Neither seasonally adjusted nor calendar adjusted data - ESA 2010",B52,,,,0,,,,,,,,,,E,Government debt (consolidated),,6,
GFS.A.N.DE.W0.S13.S1.C.L.LE.GD.T._Z.XDC._T.F.V.N._T,A,N,DE,W0,S13,S1,C,L,LE,GD,T,_Z,XDC,_T,F,V,N,_T,2025,2838239,P,F,,,,,P1Y,,"Germany - Closing balance sheet/Positions/Stocks - Maastricht debt - Liabilities (Net Incurrence of) - maturity: All original maturities - counterpart area: World (all areas, including reference area, including IO), counterpart sector: Total economy - Consolidated, Current prices, Face value - Domestic currency (incl. conversion to current currency made using a fixed parity), Neither seasonally adjusted nor calendar adjusted data - ESA 2010",B52,,,,0,,,,,,,,,,E,Government debt (consolidated),,6,
