KEY,FREQ,ADJUSTMENT,REF_AREA,COUNTERPART_AREA,REF_SECTOR,COUNTERPART_SECTOR,ACCOUNTING_ENTRY,STO,INSTR_ASSET,ACTIVITY,EXPENDITURE,UNIT_MEASURE,PRICES,TRANSFORMATION,TIME_PERIOD,OBS_VALUE,OBS_STATUS,CONF_STATUS,PRE_BREAK_VALUE,COMMENT_OBS,EMBARGO_DATE,TIME_FORMAT,COMMENT_TS,COMPILING_ORG,CURRENCY,DATA_COMP,DECIMALS,DISS_ORG,LAST_UPDATE,REF_PERIOD_DETAIL,REF_YEAR_PRICE,REPYEAREND,REPYEARSTART,TABLE_IDENTIFIER,TIME_PER_COLLECT,TITLE,TITLE_COMPL,UNIT_MULT,COMMENT_DSET
MNA.Q.N.DE.W2.S1.S1.B.B1GQ._Z._Z._Z.EUR.V.N,Q,N,DE,W2,S1,S1,B,B1GQ,_Z,_Z,_Z,EUR,V,N,1991-Q1,358976.135142879,A,F,,,,P3M,"Gross domestic product at market prices - Germany - Domestic (home or reference area), Total economy, Euro, Current prices, Non transformed data, Neither seasonally adjusted nor calendar adjusted data",4D0,,,2,,,C,,,,,S,"Gross domestic product at market prices, nominal",,6,
MNA.Q.N.DE.W2.S1.S1.B.B1GQ._Z._Z._Z.EUR.V.N,Q,N,DE,W2,S1,S1,B,B1GQ,_Z,_Z,_Z,EUR,V,N,1991-Q2,372085.988308041,A,F,,,,P3M,"Gross domestic product at market prices - Germany - Domestic (home or reference area), Total economy, Euro, Current prices, Non transformed data, Neither seasonally adjusted nor calendar adjusted data",4D0,,,2,,,C,,,,,S,"Gross domestic product at market prices, nominal",,6,
MNA.Q.N.DE.W2.S1.S1.B.B1GQ._Z._Z._Z.EUR.V.N,Q,N,DE,W2,S1,S1,B,B1GQ,_Z,_Z,_Z,EUR,V,N,1991-Q3,380739.00704624,A,F,,,,P3M,"Gross domestic product at market prices - Germany - Domestic (home or reference area), Total economy, Euro, Current prices, Non transformed data, Neither seasonally adjusted nor calendar adjusted data",4D0,,,2,,,C,,,,,S,"Gross domestic product at market prices, nominal",,6,
MNA.Q.N.DE.W2.S1.S1.B.B1GQ._Z._Z._Z.EUR.V.N,Q,N,DE,W2,S1,S1,B,B1GQ,_Z,_Z,_Z,EUR,V,N,1991-Q4,406227.954010564,A,F,,,,P3M,"Gross domestic product at market prices - Germany - Domestic (home or reference area), Total economy, Euro, Current prices, Non transformed data, Neither seasonally adjusted nor calendar adjusted data",4D0,,,2,,,C,,,,,S,"Gross domestic product at market prices, nominal",,6,
MNA.Q.N.DE.W2.S1.S1.B.B1GQ._Z._Z._Z.EUR.V.N,Q,N,DE,W2,S1,S1,B,B1GQ,_Z,_Z,_Z,EUR,V,N,1992-Q1,393668.781037253,A,F,,,,P3M,"Gross domestic product at market prices - Germany - Domestic (home or reference area), Total economy, Euro, Current prices, Non transformed data, Neither seasonally adjusted nor calendar adjusted data",4D0,,,2,,,C,,,,,S,"Gross domestic product at market prices, nominal",,6,
MNA.Q.N.DE.W2.S1.S1.B.B1GQ._Z._Z._Z.EUR.V.N,Q,N,DE,W2,S1,S1,B,B1GQ,_Z,_Z,_Z,EUR,V,N,1992-Q2,399166.234400269,A,F,,,,P3M,"Gross domestic product at market prices - Germany - Domestic (home or reference area), Total economy, Euro, Current prices, Non transformed data, Neither seasonally adjusted nor calendar adjusted data",4D0,,,2,,,C,,,,,S,"Gross domestic product at market prices, nominal",,6,
MNA.Q.N.DE.W2.S1.S1.B.B1GQ._Z._Z._Z.EUR.V.N,Q,N,DE,W2,S1,S1,B,B1GQ,_Z,_Z,_Z,EUR,V,N,1992-Q3,416107.351471064,A,F,,,,P3M,"Gross domestic product at market prices - Germany - Domestic (home or reference area), Total economy, Euro, Current prices, Non transformed data, Neither seasonally adjusted nor calendar adjusted data",4D0,,,2,,,C,,,,,S,"Gross domestic product at market prices, nominal",,6,
MNA.Q.N.DE.W2.S1.S1.B.B1GQ._Z._Z._Z.EUR.V.N,Q,N,DE,W2,S1,S1,B,B1GQ,_Z,_Z,_Z,EUR,V,N,1992-Q4,447228.011355869,A,F,,,,P3M,"Gross domestic product at market prices - Germany - Domestic (home or reference area), Total economy, Euro, Current prices, Non transformed data, Neither seasonally adjusted nor calendar adjusted data",4D0,,,2,,,C,,,,,S,"Gross domestic product at market prices, nominal",,6,
MNA.Q.N.DE.W2.S1.S1.B.B1GQ._Z._Z._Z.EUR.V.N,Q,N,DE,W2,S1,S1,B,B1GQ,_Z,_Z,_Z,EUR,V,N,1993-Q1,421112.162284065,A,F,,,,P3M,"Gross domestic product at market prices - Germany - Domestic (home or reference area), Total economy, Euro, Current prices, Non transformed data, Neither seasonally adjusted nor calendar adjusted data",4D0,,,2,,,C,,,,,S,"Gross domestic product at market prices, nominal",,6,
MNA.Q.N.DE.W2.S1.S1.B.B1GQ._Z._Z._Z.EUR.V.N,Q,N,DE,W2,S1,S1,B,B1GQ,_Z,_Z,_Z,EUR,V,N,1993-Q2,433556.474030129,A,F,,,,P3M,"Gross domestic product at market prices - Germany - Domestic (home or reference area), Total economy, Euro, Current prices, Non transformed data, Neither seasonally adjusted nor calendar adjusted data",4D0,,,2,,,C,,,,,S,"Gross domestic product at market prices, nominal",,6,
MNA.Q.N.DE.W2.S1.S1.B.B1GQ._Z._Z._Z.EUR.V.N,Q,N,DE,W2,S1,S1,B,B1GQ,_Z,_Z,_Z,EUR,V,N,1993-Q3,450248.810071209,A,F,,,,P3M,"Gross domestic product at market prices - Germany - Domestic (home or reference area), Total economy, Euro, Current prices, Non transformed data, Neither seasonally adjusted nor calendar adjusted data",4D0,,,2,,,C,,,,,S,"Gross domestic product at market prices, nominal",,6,
MNA.Q.N.DE.W2.S1.S1.B.B1GQ._Z._Z._Z.EUR.V.N,Q,N,DE,W2,S1,S1,B,B1GQ,_Z,_Z,_Z,EUR,V,N,1993-Q4,470138.669151628,A,F,,,,P3M,"Gross domestic product at market prices - Germany - Domestic (home or reference area), Total economy, Euro, Current prices, Non transformed data, Neither seasonally adjusted nor calendar adjusted data",4D0,,,2,,,C,,,,,S,"Gross domestic product at market prices, nominal",,6,
MNA.Q.N.DE.W2.S1.S1.B.B1GQ._Z._Z._Z.EUR.V.N,Q,N,DE,W2,S1,S1,B,B1GQ,_Z,_Z,_Z,EUR,V,N,1994-Q1,444976.199229178,A,F,,,,P3M,"Gross domestic product at market prices - Germany - Domestic (home or reference area), Total economy, Euro, Current prices, Non transformed data, Neither seasonally adjusted nor calendar adjusted data",4D0,,,2,,,C,,,,,S,"Gross domestic product at market prices, nominal",,6,
MNA.Q.N.DE.W2.S1.S1.B.B1GQ._Z._Z._Z.EUR.V.N,Q,N,DE,W2,S1,S1,B,B1GQ,_Z,_Z,_Z,EUR,V,N,1994-Q2,456387.994152635,A,F,,,,P3M,"Gross domestic product at market prices - Germany - Domestic (home or reference area), Total economy, Euro, Current prices, Non transformed data, Neither seasonally adjusted nor calendar adjusted data",4D0,,,2,,,C,,,,,S,"Gross domestic product at market prices, nominal",,6,
MNA.Q.N.DE.W2.S1.S1.B.B1GQ._Z._Z._Z.EUR.V.N,Q,N,DE,W2,S1,S1,B,B1GQ,_Z,_Z,_Z,EUR,V,N,1994-Q3,472836.907934081,A,F,,,,P3M,"Gross domestic product at market prices - Germany - Domestic (home or reference area), Total economy, Euro, Current prices, Non transformed data, Neither seasonally adjusted nor calendar adjusted data",4D0,,,2,,,C,,,,,S,"Gross domestic product at market prices, nominal",,6,
MNA.Q.N.DE.W2.S1.S1.B.B1GQ._Z._Z._Z.EUR.V.N,Q,N,DE,W2,S1,S1,B,B1GQ,_Z,_Z,_Z,EUR,V,N,1994-Q4,493935.657452168,A,F,,,,P3M,"Gross domestic product at market prices - Germany - Domestic (home or reference area), Total economy, Euro, Current prices, Non transformed data, Neither seasonally adjusted nor calendar adjusted data",4D0,,,2,,,C,,,,,S,"Gross domestic product at market prices, nominal",,6,
MNA.Q.N.DE.W2.S1.S1.B.B1GQ._Z._Z._Z.EUR.V.N,Q,N,DE,W2,S1,S1,B,B1GQ,_Z,_Z,_Z,EUR,V,N,1995-Q1,476161.916558266,A,F,,,,P3M,"Gross domestic product at market prices - Germany - Domestic (home or reference area), Total economy, Euro, Current prices, Non transformed data, Neither seasonally adjusted nor calendar adjusted data",4D0,,,2,,,C,,,,,S,"Gross domestic product at market prices, nominal",,6,
MNA.Q.N.DE.W2.S1.S1.B.B1GQ._Z._Z._Z.EUR.V.N,Q,N,DE,W2,S1,S1,B,B1GQ,_Z,_Z,_Z,EUR,V,N,1995-Q2,491129.667235984,A,F,,,,P3M,"Gross domestic product at market prices - Germany - Domestic (home or reference area), Total economy, Euro, Current prices, Non transformed data, Neither seasonally adjusted nor calendar adjusted data",4D0,,,2,,,C,,,,,S,"Gross domestic product at market prices, nominal",,6,
MNA.Q.N.DE.W2.S1.S1.B.B1GQ._Z._Z._Z.EUR.V.N,Q,N,DE,W2,S1,S1,B,B1GQ,_Z,_Z,_Z,EUR,V,N,1995-Q3,498991.202094747,A,F,,,,P3M,"Gross domestic product at market prices - Germany - Domestic (home or reference area), Total economy, Euro, Current prices, Non transformed data, Neither seasonally adjusted nor calendar adjusted data",4D0,,,2,,,C,,,,,S,"Gross domestic product at market prices, nominal",,6,
MNA.Q.N.DE.W2.S1.S1.B.B1GQ._Z._Z._Z.EUR.V.N,Q,N,DE,W2,S1,S1,B,B1GQ,_Z,_Z,_Z,EUR,V,N,1995-Q4,517169.977537493,A,F,,,,P3M,"Gross domestic product at market prices - Germany - Domestic (home or reference area), Total economy, Euro, Current prices, Non transformed data, Neither seasonally adjusted nor calendar adjusted data",4D0,,,2,,,C,,,,,S,"Gross domestic product at market prices, nominal",,6,
MNA.Q.N.DE.W2.S1.S1.B.B1GQ._Z._Z._Z.EUR.V.N,Q,N,DE,W2,S1,S1,B,B1GQ,_Z,_Z,_Z,EUR,V,N,1996-Q1,480003.053539337,A,F,,,,P3M,"Gross domestic product at market prices - Germany - Domestic (home or reference area), Total economy, Euro, Current prices, Non transformed data, Neither seasonally adjusted nor calendar adjusted data",4D0,,,2,,,C,,,,,S,"Gross domestic product at market prices, nominal",,6,
MNA.Q.N.DE.W2.S1.S1.B.B1GQ._Z._Z._Z.EUR.V.N,Q,N,DE,W2,S1,S1,B,B1GQ,_Z,_Z,_Z,EUR,V,N,1996-Q2,484033.213382575,A,F,,,,P3M,"Gross domestic product at market prices - Germany - Domestic (home or reference area), Total economy, Euro, Current prices, Non transformed data, Neither seasonally adjusted nor calendar adjusted data",4D0,,,2,,,C,,,,,S,"Gross domestic product at market prices, nominal",,6,
MNA.Q.N.DE.W2.S1.S1.B.B1GQ._Z._Z._Z.EUR.V.N,Q,N,DE,W2,S1,S1,B,B1GQ,_Z,_Z,_Z,EUR,V,N,1996-Q3,499788.296438367,A,F,,,,P3M,"Gross domestic product at market prices - Germany - Domestic (home or reference area), Total economy, Euro, Current prices, Non transformed data, Neither seasonally adjusted nor calendar adjusted data",4D0,,,2,,,C,,,,,S,"Gross domestic product at market prices, nominal",,6,
MNA.Q.N.DE.W2.S1.S1.B.B1GQ._Z._Z._Z.EUR.V.N,Q,N,DE,W2,S1,S1,B,B1GQ,_Z,_Z,_Z,EUR,V,N,1996-Q4,511149.391009551,A,F,,,,P3M,"Gross domestic product at market prices - Germany - Domestic (home or reference area), Total economy, Euro, Current prices, Non transformed data, Neither seasonally adjusted nor calendar adjusted data",4D0,,,2,,,C,,,,,S,"Gross domestic product at market prices, nominal",,6,
MNA.Q.N.DE.W2.S1.S1.B.B1GQ._Z._Z._Z.EUR.V.N,Q,N,DE,W2,S1,S1,B,B1GQ,_Z,_Z,_Z,EUR,V,N,1997-Q1,467793.81918243,A,F,,,,P3M,"Gross domestic product at market prices - Germany - Domestic (home or reference area), Total economy, Euro, Current prices, Non transformed data, Neither seasonally adjusted nor calendar adjusted data",4D0,,,2,,,C,,,,,S,"Gross domestic product at market prices, nominal",,6,
MNA.Q.N.DE.W2.S1.S1.B.B1GQ._Z._Z._Z.EUR.V.N,Q,N,DE,W2,S1,S1,B,B1GQ,_Z,_Z,_Z,EUR,V,N,1997-Q2,485247.709165146,A,F,,,,P3M,"Gross domestic product at market prices - Germany - Domestic (home or reference area), Total economy, Euro, Current prices, Non transformed data, Neither seasonally adjusted nor calendar adjusted data",4D0,,,2,,,C,,,,,S,"Gross domestic product at market prices, nominal",,6,
MNA.Q.N.DE.W2.S1.S1.B.B1GQ._Z._Z._Z.EUR.V.N,Q,N,DE,W2,S1,S1,B,B1GQ,_Z,_Z,_Z,EUR,V,N,1997-Q3,494692.727770165,A,F,,,,P3M,"Gross domestic product at market prices - Germany - Domestic (home or reference area), Total economy, Euro, Current prices, Non transformed data, Neither seasonally adjusted nor calendar adjusted data",4D0,,,2,,,C,,,,,S,"Gross domestic product at market prices, nominal",,6,
MNA.Q.N.DE.W2.S1.S1.B.B1GQ._Z._Z._Z.EUR.V.N,Q,N,DE,W2,S1,S1,B,B1GQ,_Z,_Z,_Z,EUR,V,N,1997-Q4,510848.476746691,A,F,,,,P3M,"Gross domestic product at market prices - Germany - Domestic (home or reference area), Total economy, Euro, Current prices, Non transformed data, Neither seasonally adjusted nor calendar adjusted data",4D0,,,2,,,C,,,,,S,"Gross domestic product at market prices, nominal",,6,
MNA.Q.N.DE.W2.S1.S1.B.B1GQ._Z._Z._Z.EUR.V.N,Q,N,DE,W2,S1,S1,B,B1GQ,_Z,_Z,_Z,EUR,V,N,1998-Q1,483006.10288949,A,F,,,,P3M,"Gross domestic product at market prices - Germany - Domestic (home or reference area), Total economy, Euro, Current prices, Non transformed data, Neither seasonally adjusted nor calendar adjusted data",4D0,,,2,,,C,,,,,S,"Gross domestic product at market prices, nominal",,6,
MNA.Q.N.DE.W2.S1.S1.B.B1GQ._Z._Z._Z.EUR.V.N,Q,N,DE,W2,S1,S1,B,B1GQ,_Z,_Z,_Z,EUR,V,N,1998-Q2,490127.639883413,A,F,,,,P3M,"Gross domestic product at market prices - Germany - Domestic (home or reference area), Total economy, Euro, Current prices, Non transformed data, Neither seasonally adjusted nor calendar adjusted data",4D0,,,2,,,C,,,,,S,"Gross domestic product at market prices, nominal",,6,
MNA.Q.N.DE.W2.S1.S1.B.B1GQ._Z._Z._Z.EUR.V.N,Q,N,DE,W2,S1,S1,B,B1GQ,_Z,_Z,_Z,EUR,V,N,1998-Q3,508349.872890182,A,F,,,,P3M,"Gross domestic product at market prices - Germany - Domestic (home or reference area), Total economy, Euro, Current prices, Non transformed data, Neither seasonally adjusted nor calendar adjusted data",4D0,,,2,,,C,,,,,S,"Gross domestic product at market prices, nominal",,6,
MNA.Q.N.DE.W2.S1.S1.B.B1GQ._Z._Z._Z.EUR.V.N,Q,N,DE,W2,S1,S1,B,B1GQ,_Z,_Z,_Z,EUR,V,N,1998-Q4,527273.036154523,A,F,,,,P3M,"Gross domestic product at market prices - Germany - Domestic (home or reference area), Total economy, Euro, Current prices, Non transformed data, Neither seasonally adjusted nor calendar adjusted data",4D0,,,2,,,C,,,,,S,"Gross domestic product at market prices, nominal",,6,
MNA.Q.N.DE.W2.S1.S1.B.B1GQ._Z._Z._Z.EUR.V.N,Q,N,DE,W2,S1,S1,B,B1GQ,_Z,_Z,_Z,EUR,V,N,1999-Q1,500310,A,F,,,,P3M,"Gross domestic product at market prices - Germany - Domestic (home or reference area), Total economy, Euro, Current prices, Non transformed data, Neither seasonally adjusted nor calendar adjusted data",4D0,,,2,,,C,,,,,S,"Gross domestic product at market prices, nominal",,6,
MNA.Q.N.DE.W2.S1.S1.B.B1GQ._Z._Z._Z.EUR.V.N,Q,N,DE,W2,S1,S1,B,B1GQ,_Z,_Z,_Z,EUR,V,N,1999-Q2,508470,A,F,,,,P3M,"Gross domestic product at market prices - Germany - Domestic (home or reference area), Total economy, Euro, Current prices, Non transformed data, Neither seasonally adjusted nor calendar adjusted data",4D0,,,2,,,C,,,,,S,"Gross domestic product at market prices, nominal",,6,
MNA.Q.N.DE.W2.S1.S1.B.B1GQ._Z._Z._Z.EUR.V.N,Q,N,DE,W2,S1,S1,B,B1GQ,_Z,_Z,_Z,EUR,V,N,1999-Q3,526500,A,F,,,,P3M,"Gross domestic product at market prices - Germany - Domestic (home or reference area), Total economy, Euro, Current prices, Non transformed data, Neither seasonally adjusted nor calendar adjusted data",4D0,,,2,,,C,,,,,S,"Gross domestic product at market prices, nominal",,6,
MNA.Q.N.DE.W2.S1.S1.B.B1GQ._Z._Z._Z.EUR.V.N,Q,N,DE,W2,S1,S1,B,B1GQ,_Z,_Z,_Z,EUR,V,N,1999-Q4,541960,A,F,,,,P3M,"Gross domestic product at market prices - Germany - Domestic (home or reference area), Total economy, Euro, Current prices, Non transformed data, Neither seasonally adjusted nor calendar adjusted data",4D0,,,2,,,C,,,,,S,"Gross domestic product at market prices, nominal",,6,
MNA.Q.N.DE.W2.S1.S1.B.B1GQ._Z._Z._Z.EUR.V.N,Q,N,DE,W2,S1,S1,B,B1GQ,_Z,_Z,_Z,EUR,V,N,2000-Q1,519980,A,F,,,,P3M,"Gross domestic product at market prices - Germany - Domestic (home or reference area), Total economy, Euro, Current prices, Non transformed data, Neither seasonally adjusted nor calendar adjusted data",4D0,,,2,,,C,,,,,S,"Gross domestic product at market prices, nominal",,6,
MNA.Q.N.DE.W2.S1.S1.B.B1GQ._Z._Z._Z.EUR.V.N,Q,N,DE,W2,S1,S1,B,B1GQ,_Z,_Z,_Z,EUR,V,N,2000-Q2,524390,A,F,,,,P3M,"Gross domestic product at market prices - Germany - Domestic (home or reference area), Total economy, Euro, Current prices, Non transformed data, Neither seasonally adjusted nor calendar adjusted data",4D0,,,2,,,C,,,,,S,"Gross domestic product at market prices, nominal",,6,
MNA.Q.N.DE.W2.S1.S1.B.B1GQ._Z._Z._Z.EUR.V.N,Q,N,DE,W2,S1,S1,B,B1GQ,_Z,_Z,_Z,EUR,V,N,2000-Q3,537700,A,F,,,,P3M,"Gross domestic product at market prices - Germany - Domestic (home or reference area), Total economy, Euro, Current prices, Non transformed data, Neither seasonally adjusted nor calendar adjusted data",4D0,,,2,,,C,,,,,S,"Gross domestic product at market prices, nominal",,6,
MNA.Q.N.DE.W2.S1.S1.B.B1GQ._Z._Z._Z.EUR.V.N,Q,N,DE,W2,S1,S1,B,B1GQ,_Z,_Z,_Z,EUR,V,N,2000-Q4,547590,A,F,,,,P3M,"Gross domestic product at market prices - Germany - Domestic (home or reference area), Total economy, Euro, Current prices, Non transformed data, Neither seasonally adjusted nor calendar adjusted data",4D0,,,2,,,C,,,,,S,"Gross domestic product at market prices, nominal",,6,
MNA.Q.N.DE.W2.S1.S1.B.B1GQ._Z._Z._Z.EUR.V.N,Q,N,DE,W2,S1,S1,B,B1GQ,_Z,_Z,_Z,EUR,V,N,2001-Q1,536830,A,F,,,,P3M,"Gross domestic product at market prices - Germany - Domestic (home or reference area), Total economy, Euro, Current prices, Non transformed data, Neither seasonally adjusted nor calendar adjusted data",4D0,,,2,,,C,,,,,S,"Gross domestic product at market prices, nominal",,6,
MNA.Q.N.DE.W2.S1.S1.B.B1GQ._Z._Z._Z.EUR.V.N,Q,N,DE,W2,S1,S1,B,B1GQ,_Z,_Z,_Z,EUR,V,N,2001-Q2,538240,A,F,,,,P3M,"Gross domestic product at market prices - Germany - Domestic (home or reference area), Total economy, Euro, Current prices, Non transformed data, Neither seasonally adjusted nor calendar adjusted data",4D0,,,2,,,C,,,,,S,"Gross domestic product at market prices, nominal",,6,
MNA.Q.N.DE.W2.S1.S1.B.B1GQ._Z._Z._Z.EUR.V.N,Q,N,DE,W2,S1,S1,B,B1GQ,_Z,_Z,_Z,EUR,V,N,2001-Q3,553540,A,F,,,,P3M,"Gross domestic product at market prices - Germany - Domestic (home or reference area), Total economy, Euro, Current prices, Non transformed data, Neither seasonally adjusted nor calendar adjusted data",4D0,,,2,,,C,,,,,S,"Gross domestic product at market prices, nominal",,6,
MNA.Q.N.DE.W2.S1.S1.B.B1GQ._Z._Z._Z.EUR.V.N,Q,N,DE,W2,S1,S1,B,B1GQ,_Z,_Z,_Z,EUR,V,N,2001-Q4,566920,A,F,,,,P3M,"Gross domestic product at market prices - Germany - Domestic (home or reference area), Total economy, Euro, Current prices, Non transformed data, Neither seasonally adjusted nor calendar adjusted data",4D0,,,2,,,C,,,,,S,"Gross domestic product at market prices, nominal",,6,
MNA.Q.N.DE.W2.S1.S1.B.B1GQ._Z._Z._Z.EUR.V.N,Q,N,DE,W2,S1,S1,B,B1GQ,_Z,_Z,_Z,EUR,V,N,2002-Q1,537180,A,F,,,,P3M,"Gross domestic product at market prices - Germany - Domestic (home or reference area), Total economy, Euro, Current prices, Non transformed data, Neither seasonally adjusted nor calendar adjusted data",4D0,,,2,,,C,,,,,S,"Gross domestic product at market prices, nominal",,6,
MNA.Q.N.DE.W2.S1.S1.B.B1GQ._Z._Z._Z.EUR.V.N,Q,N,DE,W2,S1,S1,B,B1GQ,_Z,_Z,_Z,EUR,V,N,2002-Q2,546090,A,F,,,,P3M,"Gross domestic product at market prices - Germany - Domestic (home or reference area), Total economy, Euro, Current prices, Non transformed data, Neither seasonally adjusted nor calendar adjusted data",4D0,,,2,,,C,,,,,S,"Gross domestic product at market prices, nominal",,6,
MNA.Q.N.DE.W2.S1.S1.B.B1GQ._Z._Z._Z.EUR.V.N,Q,N,DE,W2,S1,S1,B,B1GQ,_Z,_Z,_Z,EUR,V,N,2002-Q3,567130,A,F,,,,P3M,"Gross domestic product at market prices - Germany - Domestic (home or reference area), Total economy, Euro, Current prices, Non transformed data, Neither seasonally adjusted nor calendar adjusted data",4D0,,,2,,,C,,,,,S,"Gross domestic product at market prices, nominal",,6,
MNA.Q.N.DE.W2.S1.S1.B.B1GQ._Z._Z._Z.EUR.V.N,Q,N,DE,W2,S1,S1,B,B1GQ,_Z,_Z,_Z,EUR,V,N,2002-Q4,572960,A,F,,,,P3M,"Gross domestic product at market prices - Germany - Domestic (home or reference area), Total economy, Euro, Current prices, Non transformed data, Neither seasonally adjusted nor calendar adjusted data",4D0,,,2,,,C,,,,,S,"Gross domestic product at market prices, nominal",,6,
MNA.Q.N.DE.W2.S1.S1.B.B1GQ._Z._Z._Z.EUR.V.N,Q,N,DE,W2,S1,S1,B,B1GQ,_Z,_Z,_Z,EUR,V,N,2003-Q1,543460,A,F,,,,P3M,"Gross domestic product at market prices - Germany - Domestic (home or reference area), Total economy, Euro, Current prices, Non transformed data, Neither seasonally adjusted nor calendar adjusted data",4D0,,,2,,,C,,,,,S,"Gross domestic product at market prices, nominal",,6,
MNA.Q.N.DE.W2.S1.S1.B.B1GQ._Z._Z._Z.EUR.V.N,Q,N,DE,W2,S1,S1,B,B1GQ,_Z,_Z,_Z,EUR,V,N,2003-Q2,547960,A,F,,,,P3M,"Gross domestic product at market prices - Germany - Domestic (home or reference area), Total economy, Euro, Current prices, Non transformed data, Neither seasonally adjusted nor calendar adjusted data",4D0,,,2,,,C,,,,,S,"Gross domestic product at market prices, nominal",,6,
MNA.Q.N.DE.W2.S1.S1.B.B1GQ._Z._Z._Z.EUR.V.N,Q,N,DE,W2,S1,S1,B,B1GQ,_Z,_Z,_Z,EUR,V,N,2003-Q3,571480,A,F,,,,P3M,"Gross domestic product at market prices - Germany - Domestic (home or reference area), Total economy, Euro, Current prices, Non transformed data, Neither seasonally adjusted nor calendar adjusted data",4D0,,,2,,,C,,,,,S,"Gross domestic product at market prices, nominal",,6,
MNA.Q.N.DE.W2.S1.S1.B.B1GQ._Z._Z._Z.EUR.V.N,Q,N,DE,W2,S1,S1,B,B1GQ,_Z,_Z,_Z,EUR,V,N,2003-Q4,577910,A,F,,,,P3M,"Gross domestic product at market prices - Germany - Domestic (home or reference area), Total economy, Euro, Current prices, Non transformed data, Neither seasonally adjusted nor calendar adjusted data",4D0,,,2,,,C,,,,,S,"Gross domestic product at market prices, nominal",,6,
MNA.Q.N.DE.W2.S1.S1.B.B1GQ._Z._Z._Z.EUR.V.N,Q,N,DE,W2,S1,S1,B,B1GQ,_Z,_Z,_Z,EUR,V,N,2004-Q1,558360,A,F,,,,P3M,"Gross domestic product at market prices - Germany - Domestic (home or reference area), Total economy, Euro, Current prices, Non transformed data, Neither seasonally adjusted nor calendar adjusted data",4D0,,,2,,,C,,,,,S,"Gross domestic product at market prices, nominal",,6,
MNA.Q.N.DE.W2.S1.S1.B.B1GQ._Z._Z._Z.EUR.V.N,Q,N,DE,W2,S1,S1,B,B1GQ,_Z,_Z,_Z,EUR,V,N,2004-Q2,566570,A,F,,,,P3M,"Gross domestic product at market prices - Germany - Domestic (home or reference area), Total economy, Euro, Current prices, Non transformed data, Neither seasonally adjusted nor calendar adjusted data",4D0,,,2,,,C,,,,,S,"Gross domestic product at market prices, nominal",,6,
MNA.Q.N.DE.W2.S1.S1.B.B1GQ._Z._Z._Z.EUR.V.N,Q,N,DE,W2,S1,S1,B,B1GQ,_Z,_Z,_Z,EUR,V,N,2004-Q3,579230,A,F,,,,P3M,"Gross domestic product at market prices - Germany - Domestic (home or reference area), Total economy, Euro, Current prices, Non transformed data, Neither seasonally adjusted nor calendar adjusted data",4D0,,,2,,,C,,,,,S,"Gross domestic product at market prices, nominal",,6,
MNA.Q.N.DE.W2.S1.S1.B.B1GQ._Z._Z._Z.EUR.V.N,Q,N,DE,W2,S1,S1,B,B1GQ,_Z,_Z,_Z,EUR,V,N,2004-Q4,588880,A,F,,,,P3M,"Gross domestic product at market prices - Germany - Domestic (home or reference area), Total economy, Euro, Current prices, Non transformed data, Neither seasonally adjusted nor calendar adjusted data",4D0,,,2,,,C,,,,,S,"Gross domestic product at market prices, nominal",,6,
MNA.Q.N.DE.W2.S1.S1.B.B1GQ._Z._Z._Z.EUR.V.N,Q,N,DE,W2,S1,S1,B,B1GQ,_Z,_Z,_Z,EUR,V,N,2005-Q1,560710,A,F,,,,P3M,"Gross domestic product at market prices - Germany - Domestic (home or reference area), Total economy, Euro, Current prices, Non transformed data, Neither seasonally adjusted nor calendar adjusted data",4D0,,,2,,,C,,,,,S,"Gross domestic product at market prices, nominal",,6,
MNA.Q.N.DE.W2.S1.S1.B.B1GQ._Z._Z._Z.EUR.V.N,Q,N,DE,W2,S1,S1,B,B1GQ,_Z,_Z,_Z,EUR,V,N,2005-Q2,576060,A,F,,,,P3M,"Gross domestic product at market prices - Germany - Domestic (home or reference area), Total economy, Euro, Current prices, Non transformed data, Neither seasonally adjusted nor calendar adjusted data",4D0,,,2,,,C,,,,,S,"Gross domestic product at market prices, nominal",,6,
MNA.Q.N.DE.W2.S1.S1.B.B1GQ._Z._Z._Z.EUR.V.N,Q,N,DE,W2,S1,S1,B,B1GQ,_Z,_Z,_Z,EUR,V,N,2005-Q3,589030,A,F,,,,P3M,"Gross domestic product at market prices - Germany - Domestic (home or reference area), Total economy, Euro, Current prices, Non transformed data, Neither seasonally adjusted nor calendar adjusted data",4D0,,,2,,,C,,,,,S,"Gross domestic product at market prices, nominal",,6,
MNA.Q.N.DE.W2.S1.S1.B.B1GQ._Z._Z._Z.EUR.V.N,Q,N,DE,W2,S1,S1,B,B1GQ,_Z,_Z,_Z,EUR,V,N,2005-Q4,599910,A,F,,,,P3M,"Gross domestic product at market prices - Germany - Domestic (home or reference area), Total economy, Euro, Current prices, Non transformed data, Neither seasonally adjusted nor calendar adjusted data",4D0,,,2,,,C,,,,,S,"Gross domestic product at market prices, nominal",,6,
MNA.Q.N.DE.W2.S1.S1.B.B1GQ._Z._Z._Z.EUR.V.N,Q,N,DE,W2,S1,S1,B,B1GQ,_Z,_Z,_Z,EUR,V,N,2006-Q1,586210,A,F,,,,P3M,"Gross domestic product at market prices - Germany - Domestic (home or reference area), Total economy, Euro, Current prices, Non transformed data, Neither seasonally adjusted nor calendar adjusted data",4D0,,,2,,,C,,,,,S,"Gross domestic product at market prices, nominal",,6,
MNA.Q.N.DE.W2.S1.S1.B.B1GQ._Z._Z._Z.EUR.V.N,Q,N,DE,W2,S1,S1,B,B1GQ,_Z,_Z,_Z,EUR,V,N,2006-Q2,594160,A,F,,,,P3M,"Gross domestic product at market prices - Germany - Domestic (home or reference area), Total economy, Euro, Current prices, Non transformed data, Neither seasonally adjusted nor calendar adjusted data",4D0,,,2,,,C,,,,,S,"Gross domestic product at market prices, nominal",,6,
MNA.Q.N.DE.W2.S1.S1.B.B1GQ._Z._Z._Z.EUR.V.N,Q,N,DE,W2,S1,S1,B,B1GQ,_Z,_Z,_Z,EUR,V,N,2006-Q3,612830,A,F,,,,P3M,"Gross domestic product at market prices - Germany - Domestic (home or reference area), Total economy, Euro, Current prices, Non transformed data, Neither seasonally adjusted nor calendar adjusted data",4D0,,,2,,,C,,,,,S,"Gross domestic product at market prices, nominal",,6,
MNA.Q.N.DE.W2.S1.S1.B.B1GQ._Z._Z._Z.EUR.V.N,Q,N,DE,W2,S1,S1,B,B1GQ,_Z,_Z,_Z,EUR,V,N,2006-Q4,632980,A,F,,,,P3M,"Gross domestic product at market prices - Germany - Domestic (home or reference area), Total economy, Euro, Current prices, Non transformed data, Neither seasonally adjusted nor calendar adjusted data",4D0,,,2,,,C,,,,,S,"Gross domestic product at market prices, nominal",,6,
MNA.Q.N.DE.W2.S1.S1.B.B1GQ._Z._Z._Z.EUR.V.N,Q,N,DE,W2,S1,S1,B,B1GQ,_Z,_Z,_Z,EUR,V,N,2007-Q1,621550,A,F,,,,P3M,"Gross domestic product at market prices - Germany - Domestic (home or reference area), Total economy, Euro, Current prices, Non transformed data, Neither seasonally adjusted nor calendar adjusted data",4D0,,,2,,,C,,,,,S,"Gross domestic product at market prices, nominal",,6,
MNA.Q.N.DE.W2.S1.S1.B.B1GQ._Z._Z._Z.EUR.V.N,Q,N,DE,W2,S1,S1,B,B1GQ,_Z,_Z,_Z,EUR,V,N,2007-Q2,622790,A,F,,,,P3M,"Gross domestic product at market prices - Germany - Domestic (home or reference area), Total economy, Euro, Current prices, Non transformed data, Neither seasonally adjusted nor calendar adjusted data",4D0,,,2,,,C,,,,,S,"Gross domestic product at market prices, nominal",,6,
MNA.Q.N.DE.W2.S1.S1.B.B1GQ._Z._Z._Z.EUR.V.N,Q,N,DE,W2,S1,S1,B,B1GQ,_Z,_Z,_Z,EUR,V,N,2007-Q3,641640,A,F,,,,P3M,"Gross domestic product at market prices - Germany - Domestic (home or reference area), Total economy, Euro, Current prices, Non transformed data, Neither seasonally adjusted nor calendar adjusted data",4D0,,,2,,,C,,,,,S,"Gross domestic product at market prices, nominal",,6,
MNA.Q.N.DE.W2.S1.S1.B.B1GQ._Z._Z._Z.EUR.V.N,Q,N,DE,W2,S1,S1,B,B1GQ,_Z,_Z,_Z,EUR,V,N,2007-Q4,656240,A,F,,,,P3M,"Gross domestic product at market prices - Germany - Domestic (home or reference area), Total economy, Euro, Current prices, Non transformed data, Neither seasonally adjusted nor calendar adjusted data",4D0,,,2,,,C,,,,,S,"Gross domestic product at market prices, nominal",,6,
MNA.Q.N.DE.W2.S1.S1.B.B1GQ._Z._Z._Z.EUR.V.N,Q,N,DE,W2,S1,S1,B,B1GQ,_Z,_Z,_Z,EUR,V,N,2008-Q1,639520,A,F,,,,P3M,"Gross domestic product at market prices - Germany - Domestic (home or reference area), Total economy, Euro, Current prices, Non transformed data, Neither seasonally adjusted nor calendar adjusted data",4D0,,,2,,,C,,,,,S,"Gross domestic product at market prices, nominal",,6,
MNA.Q.N.DE.W2.S1.S1.B.B1GQ._Z._Z._Z.EUR.V.N,Q,N,DE,W2,S1,S1,B,B1GQ,_Z,_Z,_Z,EUR,V,N,2008-Q2,646470,A,F,,,,P3M,"Gross domestic product at market prices - Germany - Domestic (home or reference area), Total economy, Euro, Current prices, Non transformed data, Neither seasonally adjusted nor calendar adjusted data",4D0,,,2,,,C,,,,,S,"Gross domestic product at market prices, nominal",,6,
MNA.Q.N.DE.W2.S1.S1.B.B1GQ._Z._Z._Z.EUR.V.N,Q,N,DE,W2,S1,S1,B,B1GQ,_Z,_Z,_Z,EUR,V,N,2008-Q3,653090,A,F,,,,P3M,"Gross domestic product at market prices - Germany - Domestic (home or reference area), Total economy, Euro, Current prices, Non transformed data, Neither seasonally adjusted nor calendar adjusted data",4D0,,,2,,,C,,,,,S,"Gross domestic product at market prices, nominal",,6,
MNA.Q.N.DE.W2.S1.S1.B.B1GQ._Z._Z._Z.EUR.V.N,Q,N,DE,W2,S1,S1,B,B1GQ,_Z,_Z,_Z,EUR,V,N,2008-Q4,650200,A,F,,,,P3M,"Gross domestic product at market prices - Germany - Domestic (home or reference area), Total economy, Euro, Current prices, Non transformed data, Neither seasonally adjusted nor calendar adjusted data",4D0,,,2,,,C,,,,,S,"Gross domestic product at market prices, nominal",,6,
MNA.Q.N.DE.W2.S1.S1.B.B1GQ._Z._Z._Z.EUR.V.N,Q,N,DE,W2,S1,S1,B,B1GQ,_Z,_Z,_Z,EUR,V,N,2009-Q1,607420,A,F,,,,P3M,"Gross domestic product at market prices - Germany - Domestic (home or reference area), Total economy, Euro, Current prices, Non transformed data, Neither seasonally adjusted nor calendar adjusted data",4D0,,,2,,,C,,,,,S,"Gross domestic product at market prices, nominal",,6,
MNA.Q.N.DE.W2.S1.S1.B.B1GQ._Z._Z._Z.EUR.V.N,Q,N,DE,W2,S1,S1,B,B1GQ,_Z,_Z,_Z,EUR,V,N,2009-Q2,608080,A,F,,,,P3M,"Gross domestic product at market prices - Germany - Domestic (home or reference area), Total economy, Euro, Current prices, Non transformed data, Neither seasonally adjusted nor calendar adjusted data",4D0,,,2,,,C,,,,,S,"Gross domestic product at market prices, nominal",,6,
MNA.Q.N.DE.W2.S1.S1.B.B1GQ._Z._Z._Z.EUR.V.N,Q,N,DE,W2,S1,S1,B,B1GQ,_Z,_Z,_Z,EUR,V,N,2009-Q3,630830,A,F,,,,P3M,"Gross domestic product at market prices - Germany - Domestic (home or reference area), Total economy, Euro, Current prices, Non transformed data, Neither seasonally adjusted nor calendar adjusted data",4D0,,,2,,,C,,,,,S,"Gross domestic product at market prices, nominal",,6,
MNA.Q.N.DE.W2.S1.S1.B.B1GQ._Z._Z._Z.EUR.V.N,Q,N,DE,W2,S1,S1,B,B1GQ,_Z,_Z,_Z,EUR,V,N,2009-Q4,647640,A,F,,,,P3M,"Gross domestic product at market prices - Germany - Domestic (home or reference area), Total economy, Euro, Current prices, Non transformed data, Neither seasonally adjusted nor calendar adjusted data",4D0,,,2,,,C,,,,,S,"Gross domestic product at market prices, nominal",,6,
MNA.Q.N.DE.W2.S1.S1.B.B1GQ._Z._Z._Z.EUR.V.N,Q,N,DE,W2,S1,S1,B,B1GQ,_Z,_Z,_Z,EUR,V,N,2010-Q1,629920,A,F,,,,P3M,"Gross domestic product at market prices - Germany - Domestic (home or reference area), Total economy, Euro, Current prices, Non transformed data, Neither seasonally adjusted nor calendar adjusted data",4D0,,,2,,,C,,,,,S,"Gross domestic product at market prices, nominal",,6,
MNA.Q.N.DE.W2.S1.S1.B.B1GQ._Z._Z._Z.EUR.V.N,Q,N,DE,W2,S1,S1,B,B1GQ,_Z,_Z,_Z,EUR,V,N,2010-Q2,639110,A,F,,,,P3M,"Gross domestic product at market prices - Germany - Domestic (home or reference area), Total economy, Euro, Current prices, Non transformed data, Neither seasonally adjusted nor calendar adjusted data",4D0,,,2,,,C,,,,,S,"Gross domestic product at market prices, nominal",,6,
MNA.Q.N.DE.W2.S1.S1.B.B1GQ._Z._Z._Z.EUR.V.N,Q,N,DE,W2,S1,S1,B,B1GQ,_Z,_Z,_Z,EUR,V,N,2010-Q3,665000,A,F,,,,P3M,"Gross domestic product at market prices - Germany - Domestic (home or reference area), Total economy, Euro, Current prices, Non transformed data, Neither seasonally adjusted nor calendar adjusted data",4D0,,,2,,,C,,,,,S,"Gross domestic product at market prices, nominal",,6,
MNA.Q.N.DE.W2.S1.S1.B.B1GQ._Z._Z._Z.EUR.V.N,Q,N,DE,W2,S1,S1,B,B1GQ,_Z,_Z,_Z,EUR,V,N,2010-Q4,681230,A,F,,,,P3M,"Gross domestic product at market prices - Germany - Domestic (home or reference area), Total economy, Euro, Current prices, Non transformed data, Neither seasonally adjusted nor calendar adjusted data",4D0,,,2,,,C,,,,,S,"Gross domestic product at market prices, nominal",,6,
MNA.Q.N.DE.W2.S1.S1.B.B1GQ._Z._Z._Z.EUR.V.N,Q,N,DE,W2,S1,S1,B,B1GQ,_Z,_Z,_Z,EUR,V,N,2011-Q1,674290,A,F,,,,P3M,"Gross domestic product at market prices - Germany - Domestic (home or reference area), Total economy, Euro, Current prices, Non transformed data, Neither seasonally adjusted nor calendar adjusted data",4D0,,,2,,,C,,,,,S,"Gross domestic product at market prices, nominal",,6,
MNA.Q.N.DE.W2.S1.S1.B.B1GQ._Z._Z._Z.EUR.V.N,Q,N,DE,W2,S1,S1,B,B1GQ,_Z,_Z,_Z,EUR,V,N,2011-Q2,673880,A,F,,,,P3M,"Gross domestic product at market prices - Germany - Domestic (home or reference area), Total economy, Euro, Current prices, Non transformed data, Neither seasonally adjusted nor calendar adjusted data",4D0,,,2,,,C,,,,,S,"Gross domestic product at market prices, nominal",,6,
MNA.Q.N.DE.W2.S1.S1.B.B1GQ._Z._Z._Z.EUR.V.N,Q,N,DE,W2,S1,S1,B,B1GQ,_Z,_Z,_Z,EUR,V,N,2011-Q3,695140,A,F,,,,P3M,"Gross domestic product at market prices - Germany - Domestic (home or reference area), Total economy, Euro, Current prices, Non transformed data, Neither seasonally adjusted nor calendar adjusted data",4D0,,,2,,,C,,,,,S,"Gross domestic product at market prices, nominal",,6,
MNA.Q.N.DE.W2.S1.S1.B.B1GQ._Z._Z._Z.EUR.V.N,Q,N,DE,W2,S1,S1,B,B1GQ,_Z,_Z,_Z,EUR,V,N,2011-Q4,703900,A,F,,,,P3M,"Gross domestic product at market prices - Germany - Domestic (home or reference area), Total economy, Euro, Current prices, Non transformed data, Neither seasonally adjusted nor calendar adjusted data",4D0,,,2,,,C,,,,,S,"Gross domestic product at market prices, nominal",,6,
MNA.Q.N.DE.W2.S1.S1.B.B1GQ._Z._Z._Z.EUR.V.N,Q,N,DE,W2,S1,S1,B,B1GQ,_Z,_Z,_Z,EUR,V,N,2012-Q1,694820,A,F,,,,P3M,"Gross domestic product at market prices - Germany - Domestic (home or reference area), Total economy, Euro, Current prices, Non transformed data, Neither seasonally adjusted nor calendar adjusted data",4D0,,,2,,,C,,,,,S,"Gross domestic product at market prices, nominal",,6,
MNA.Q.N.DE.W2.S1.S1.B.B1GQ._Z._Z._Z.EUR.V.N,Q,N,DE,W2,S1,S1,B,B1GQ,_Z,_Z,_Z,EUR,V,N,2012-Q2,685580,A,F,,,,P3M,"Gross domestic product at market prices - Germany - Domestic (home or reference area), Total economy, Euro, Current prices, Non transformed data, Neither seasonally adjusted nor calendar adjusted data",4D0,,,2,,,C,,,,,S,"Gross domestic product at market prices, nominal",,6,
MNA.Q.N.DE.W2.S1.S1.B.B1GQ._Z._Z._Z.EUR.V.N,Q,N,DE,W2,S1,S1,B,B1GQ,_Z,_Z,_Z,EUR,V,N,2012-Q3,706350,A,F,,,,P3M,"Gross domestic product at market prices - Germany - Domestic (home or reference area), Total economy, Euro, Current prices, Non transformed data, Neither seasonally adjusted nor calendar adjusted data",4D0,,,2,,,C,,,,,S,"Gross domestic product at market prices, nominal",,6,
MNA.Q.N.DE.W2.S1.S1.B.B1GQ._Z._Z._Z.EUR.V.N,Q,N,DE,W2,S1,S1,B,B1GQ,_Z,_Z,_Z,EUR,V,N,2012-Q4,713930,A,F,,,,P3M,"Gross domestic product at market prices - Germany - Domestic (home or reference area), Total economy, Euro, Current prices, Non transformed data, Neither seasonally adjusted nor calendar adjusted data",4D0,,,2,,,C,,,,,S,"Gross domestic product at market prices, nominal",,6,
MNA.Q.N.DE.W2.S1.S1.B.B1GQ._Z._Z._Z.EUR.V.N,Q,N,DE,W2,S1,S1,B,B1GQ,_Z,_Z,_Z,EUR,V,N,2013-Q1,698690,A,F,,,,P3M,"Gross domestic product at market prices - Germany - Domestic (home or reference area), Total economy, Euro, Current prices, Non transformed data, Neither seasonally adjusted nor calendar adjusted data",4D0,,,2,,,C,,,,,S,"Gross domestic product at market prices, nominal",,6,
MNA.Q.N.DE.W2.S1.S1.B.B1GQ._Z._Z._Z.EUR.V.N,Q,N,DE,W2,S1,S1,B,B1GQ,_Z,_Z,_Z,EUR,V,N,2013-Q2,706950,A,F,,,,P3M,"Gross domestic product at market prices - Germany - Domestic (home or reference area), Total economy, Euro, Current prices, Non transformed data, Neither seasonally adjusted nor calendar adjusted data",4D0,,,2,,,C,,,,,S,"Gross domestic product at market prices, nominal",,6,
MNA.Q.N.DE.W2.S1.S1.B.B1GQ._Z._Z._Z.EUR.V.N,Q,N,DE,W2,S1,S1,B,B1GQ,_Z,_Z,_Z,EUR,V,N,2013-Q3,728870,A,F,,,,P3M,"Gross domestic product at market prices - Germany - Domestic (home or reference area), Total economy, Euro, Current prices, Non transformed data, Neither seasonally adjusted nor calendar adjusted data",4D0,,,2,,,C,,,,,S,"Gross domestic product at market prices, nominal",,6,
MNA.Q.N.DE.W2.S1.S1.B.B1GQ._Z._Z._Z.EUR.V.N,Q,N,DE,W2,S1,S1,B,B1GQ,_Z,_Z,_Z,EUR,V,N,2013-Q4,734970,A,F,,,,P3M,"Gross domestic product at market prices - Germany - Domestic (home or reference area), Total economy, Euro, Current prices, Non transformed data, Neither seasonally adjusted nor calendar adjusted data",4D0,,,2,,,C,,,,,S,"Gross domestic product at market prices, nominal",,6,
MNA.Q.N.DE.W2.S1.S1.B.B1GQ._Z._Z._Z.EUR.V.N,Q,N,DE,W2,S1,S1,B,B1GQ,_Z,_Z,_Z,EUR,V,N,2014-Q1,733830,A,F,,,,P3M,"Gross domestic product at market prices - Germany - Domestic (home or reference area), Total economy, Euro, Current prices, Non transformed data, Neither seasonally adjusted nor calendar adjusted data",4D0,,,2,,,C,,,,,S,"Gross domestic product at market prices, nominal",,6,
MNA.Q.N.DE.W2.S1.S1.B.B1GQ._Z._Z._Z.EUR.V.N,Q,N,DE,W2,S1,S1,B,B1GQ,_Z,_Z,_Z,EUR,V,N,2014-Q2,731900,A,F,,,,P3M,"Gross domestic product at market prices - Germany - Domestic (home or reference area), Total economy, Euro, Current prices, Non transformed data, Neither seasonally adjusted nor calendar adjusted data",4D0,,,2,,,C,,,,,S,"Gross domestic product at market prices, nominal",,6,
MNA.Q.N.DE.W2.S1.S1.B.B1GQ._Z._Z._Z.EUR.V.N,Q,N,DE,W2,S1,S1,B,B1GQ,_Z,_Z,_Z,EUR,V,N,2014-Q3,755180,A,F,,,,P3M,"Gross domestic product at market prices - Germany - Domestic (home or reference area), Total economy, Euro, Current prices, Non transformed data, Neither seasonally adjusted nor calendar adjusted data",4D0,,,2,,,C,,,,,S,"Gross domestic product at market prices, nominal",,6,
MNA.Q.N.DE.W2.S1.S1.B.B1GQ._Z._Z._Z.EUR.V.N,Q,N,DE,W2,S1,S1,B,B1GQ,_Z,_Z,_Z,EUR,V,N,2014-Q4,767560,A,F,,,,P3M,"Gross domestic product at market prices - Germany - Domestic (home or reference area), Total economy, Euro, Current prices, Non transformed data, Neither seasonally adjusted nor calendar adjusted data",4D0,,,2,,,C,,,,,S,"Gross domestic product at market prices, nominal",,6,
MNA.Q.N.DE.W2.S1.S1.B.B1GQ._Z._Z._Z.EUR.V.N,Q,N,DE,W2,S1,S1,B,B1GQ,_Z,_Z,_Z,EUR,V,N,2015-Q1,756110,A,F,,,,P3M,"Gross domestic product at market prices - Germany - Domestic (home or reference area), Total economy, Euro, Current prices, Non transformed data, Neither seasonally adjusted nor calendar adjusted data",4D0,,,2,,,C,,,,,S,"Gross domestic product at market prices, nominal",,6,
MNA.Q.N.DE.W2.S1.S1.B.B1GQ._Z._Z._Z.EUR.V.N,Q,N,DE,W2,S1,S1,B,B1GQ,_Z,_Z,_Z,EUR,V,N,2015-Q2,757770,A,F,,,,P3M,"Gross domestic product at market prices - Germany - Domestic (home or reference area), Total economy, Euro, Current prices, Non transformed data, Neither seasonally adjusted nor calendar adjusted data",4D0,,,2,,,C,,,,,S,"Gross domestic product at market prices, nominal",,6,
MNA.Q.N.DE.W2.S1.S1.B.B1GQ._Z._Z._Z.EUR.V.N,Q,N,DE,W2,S1,S1,B,B1GQ,_Z,_Z,_Z,EUR,V,N,2015-Q3,782570,A,F,,,,P3M,"Gross domestic product at market prices - Germany - Domestic (home or reference area), Total economy, Euro, Current prices, Non transformed data, Neither seasonally adjusted nor calendar adjusted data",4D0,,,2,,,C,,,,,S,"Gross domestic product at market prices, nominal",,6,
MNA.Q.N.DE.W2.S1.S1.B.B1GQ._Z._Z._Z.EUR.V.N,Q,N,DE,W2,S1,S1,B,B1GQ,_Z,_Z,_Z,EUR,V,N,2015-Q4,797740,A,F,,,,P3M,"Gross domestic product at market prices - Germany - Domestic (home or reference area), Total economy, Euro, Current prices, Non transformed data, Neither seasonally adjusted nor calendar adjusted data",4D0,,,2,,,C,,,,,S,"Gross domestic product at market prices, nominal",,6,
MNA.Q.N.DE.W2.S1.S1.B.B1GQ._Z._Z._Z.EUR.V.N,Q,N,DE,W2,S1,S1,B,B1GQ,_Z,_Z,_Z,EUR,V,N,2016-Q1,784040,A,F,,,,P3M,"Gross domestic product at market prices - Germany - Domestic (home or reference area), Total economy, Euro, Current prices, Non transformed data, Neither seasonally adjusted nor calendar adjusted data",4D0,,,2,,,C,,,,,S,"Gross domestic product at market prices, nominal",,6,
MNA.Q.N.DE.W2.S1.S1.B.B1GQ._Z._Z._Z.EUR.V.N,Q,N,DE,W2,S1,S1,B,B1GQ,_Z,_Z,_Z,EUR,V,N,2016-Q2,794430,A,F,,,,P3M,"Gross domestic product at market prices - Germany - Domestic (home or reference area), Total economy, Euro, Current prices, Non transformed data, Neither seasonally adjusted nor calendar adjusted data",4D0,,,2,,,C,,,,,S,"Gross domestic product at market prices, nominal",,6,
MNA.Q.N.DE.W2.S1.S1.B.B1GQ._Z._Z._Z.EUR.V.N,Q,N,DE,W2,S1,S1,B,B1GQ,_Z,_Z,_Z,EUR,V,N,2016-Q3,806320,A,F,,,,P3M,"Gross domestic product at market prices - Germany - Domestic (home or reference area), Total economy, Euro, Current prices, Non transformed data, Neither seasonally adjusted nor calendar adjusted data",4D0,,,2,,,C,,,,,S,"Gross domestic product at market prices, nominal",,6,
MNA.Q.N.DE.W2.S1.S1.B.B1GQ._Z._Z._Z.EUR.V.N,Q,N,DE,W2,S1,S1,B,B1GQ,_Z,_Z,_Z,EUR,V,N,2016-Q4,820080,A,F,,,,P3M,"Gross domestic product at market prices - Germany - Domestic (home or reference area), Total economy, Euro, Current prices, Non transformed data, Neither seasonally adjusted nor calendar adjusted data",4D0,,,2,,,C,,,,,S,"Gross domestic product at market prices, nominal",,6,
MNA.Q.N.DE.W2.S1.S1.B.B1GQ._Z._Z._Z.EUR.V.N,Q,N,DE,W2,S1,S1,B,B1GQ,_Z,_Z,_Z,EUR,V,N,2017-Q1,822940,A,F,,,,P3M,"Gross domestic product at market prices - Germany - Domestic (home or reference area), Total economy, Euro, Current prices, Non transformed data, Neither seasonally adjusted nor calendar adjusted data",4D0,,,2,,,C,,,,,S,"Gross domestic product at market prices, nominal",,6,
MNA.Q.N.DE.W2.S1.S1.B.B1GQ._Z._Z._Z.EUR.V.N,Q,N,DE,W2,S1,S1,B,B1GQ,_Z,_Z,_Z,EUR,V,N,2017-Q2,818110,A,F,,,,P3M,"Gross domestic product at market prices - Germany - Domestic (home or reference area), Total economy, Euro, Current prices, Non transformed data, Neither seasonally adjusted nor calendar adjusted data",4D0,,,2,,,C,,,,,S,"Gross domestic product at market prices, nominal",,6,
MNA.Q.N.DE.W2.S1.S1.B.B1GQ._Z._Z._Z.EUR.V.N,Q,N,DE,W2,S1,S1,B,B1GQ,_Z,_Z,_Z,EUR,V,N,2017-Q3,843090,A,F,,,,P3M,"Gross domestic product at market prices - Germany - Domestic (home or reference area), Total economy, Euro, Current prices, Non transformed data, Neither seasonally adjusted nor calendar adjusted data",4D0,,,2,,,C,,,,,S,"Gross domestic product at market prices, nominal",,6,
MNA.Q.N.DE.W2.S1.S1.B.B1GQ._Z._Z._Z.EUR.V.N,Q,N,DE,W2,S1,S1,B,B1GQ,_Z,_Z,_Z,EUR,V,N,2017-Q4,861720,A,F,,,,P3M,"Gross domestic product at market prices - Germany - Domestic (home or reference area), Total economy, Euro, Current prices, Non transformed data, Neither seasonally adjusted nor calendar adjusted data",4D0,,,2,,,C,,,,,S,"Gross domestic product at market prices, nominal",,6,
MNA.Q.N.DE.W2.S1.S1.B.B1GQ._Z._Z._Z.EUR.V.N,Q,N,DE,W2,S1,S1,B,B1GQ,_Z,_Z,_Z,EUR,V,N,2018-Q1,850560,A,F,,,,P3M,"Gross domestic product at market prices - Germany - Domestic (home or reference area), Total economy, Euro, Current prices, Non transformed data, Neither seasonally adjusted nor calendar adjusted data",4D0,,,2,,,C,,,,,S,"Gross domestic product at market prices, nominal",,6,
MNA.Q.N.DE.W2.S1.S1.B.B1GQ._Z._Z._Z.EUR.V.N,Q,N,DE,W2,S1,S1,B,B1GQ,_Z,_Z,_Z,EUR,V,N,2018-Q2,850260,A,F,,,,P3M,"Gross domestic product at market prices - Germany - Domestic (home or reference area), Total economy, Euro, Current prices, Non transformed data, Neither seasonally adjusted nor calendar adjusted data",4D0,,,2,,,C,,,,,S,"Gross domestic product at market prices, nominal",,6,
MNA.Q.N.DE.W2.S1.S1.B.B1GQ._Z._Z._Z.EUR.V.N,Q,N,DE,W2,S1,S1,B,B1GQ,_Z,_Z,_Z,EUR,V,N,2018-Q3,863050,A,F,,,,P3M,"Gross domestic product at market prices - Germany - Domestic (home or reference area), Total economy, Euro, Current prices, Non transformed data, Neither seasonally adjusted nor calendar adjusted data",4D0,,,2,,,C,,,,,S,"Gross domestic product at market prices, nominal",,6,
MNA.Q.N.DE.W2.S1.S1.B.B1GQ._Z._Z._Z.EUR.V.N,Q,N,DE,W2,S1,S1,B,B1GQ,_Z,_Z,_Z,EUR,V,N,2018-Q4,886710,A,F,,,,P3M,"Gross domestic product at market prices - Germany - Domestic (home or reference area), Total economy, Euro, Current prices, Non transformed data, Neither seasonally adjusted nor calendar adjusted data",4D0,,,2,,,C,,,,,S,"Gross domestic product at market prices, nominal",,6,
MNA.Q.N.DE.W2.S1.S1.B.B1GQ._Z._Z._Z.EUR.V.N,Q,N,DE,W2,S1,S1,B,B1GQ,_Z,_Z,_Z,EUR,V,N,2019-Q1,879180,A,F,,,,P3M,"Gross domestic product at market prices - Germany - Domestic (home or reference area), Total economy, Euro, Current prices, Non transformed data, Neither seasonally adjusted nor calendar adjusted data",4D0,,,2,,,C,,,,,S,"Gross domestic product at market prices, nominal",,6,
MNA.Q.N.DE.W2.S1.S1.B.B1GQ._Z._Z._Z.EUR.V.N,Q,N,DE,W2,S1,S1,B,B1GQ,_Z,_Z,_Z,EUR,V,N,2019-Q2,869600,A,F,,,,P3M,"Gross domestic product at market prices - Germany - Domestic (home or reference area), Total economy, Euro, Current prices, Non transformed data, Neither seasonally adjusted nor calendar adjusted data",4D0,,,2,,,C,,,,,S,"Gross domestic product at market prices, nominal",,6,
MNA.Q.N.DE.W2.S1.S1.B.B1GQ._Z._Z._Z.EUR.V.N,Q,N,DE,W2,S1,S1,B,B1GQ,_Z,_Z,_Z,EUR,V,N,2019-Q3,899240,A,F,,,,P3M,"Gross domestic product at market prices - Germany - Domestic (home or reference area), Total economy, Euro, Current prices, Non transformed data, Neither seasonally adjusted nor calendar adjusted data",4D0,,,2,,,C,,,,,S,"Gross domestic product at market prices, nominal",,6,
MNA.Q.N.DE.W2.S1.S1.B.B1GQ._Z._Z._Z.EUR.V.N,Q,N,DE,W2,S1,S1,B,B1GQ,_Z,_Z,_Z,EUR,V,N,2019-Q4,909610,A,F,,,,P3M,"Gross domestic product at market prices - Germany - Domestic (home or reference area), Total economy, Euro, Current prices, Non transformed data, Neither seasonally adjusted nor calendar adjusted data",4D0,,,2,,,C,,,,,S,"Gross domestic product at market prices, nominal",,6,
MNA.Q.N.DE.W2.S1.S1.B.B1GQ._Z._Z._Z.EUR.V.N,Q,N,DE,W2,S1,S1,B,B1GQ,_Z,_Z,_Z,EUR,V,N,2020-Q1,888740,A,F,,,,P3M,"Gross domestic product at market prices - Germany - Domestic (home or reference area), Total economy, Euro, Current prices, Non transformed data, Neither seasonally adjusted nor calendar adjusted data",4D0,,,2,,,C,,,,,S,"Gross domestic product at market prices, nominal",,6,
MNA.Q.N.DE.W2.S1.S1.B.B1GQ._Z._Z._Z.EUR.V.N,Q,N,DE,W2,S1,S1,B,B1GQ,_Z,_Z,_Z,EUR,V,N,2020-Q2,800020,A,F,,,,P3M,"Gross domestic product at market prices - Germany - Domestic (home or reference area), Total economy, Euro, Current prices, Non transformed data, Neither seasonally adjusted nor calendar adjusted data",4D0,,,2,,,C,,,,,S,"Gross domestic product at market prices, nominal",,6,
MNA.Q.N.DE.W2.S1.S1.B.B1GQ._Z._Z._Z.EUR.V.N,Q,N,DE,W2,S1,S1,B,B1GQ,_Z,_Z,_Z,EUR,V,N,2020-Q3,878920,A,F,,,,P3M,"Gross domestic product at market prices - Germany - Domestic (home or reference area), Total economy, Euro, Current prices, Non transformed data, Neither seasonally adjusted nor calendar adjusted data",4D0,,,2,,,C,,,,,S,"Gross domestic product at market prices, nominal",,6,
MNA.Q.N.DE.W2.S1.S1.B.B1GQ._Z._Z._Z.EUR.V.N,Q,N,DE,W2,S1,S1,B,B1GQ,_Z,_Z,_Z,EUR,V,N,2020-Q4,909990,A,F,,,,P3M,"Gross domestic product at market prices - Germany - Domestic (home or reference area), Total economy, Euro, Current prices, Non transformed data, Neither seasonally adjusted nor calendar adjusted data",4D0,,,2,,,C,,,,,S,"Gross domestic product at market prices, nominal",,6,
MNA.Q.N.DE.W2.S1.S1.B.B1GQ._Z._Z._Z.EUR.V.N,Q,N,DE,W2,S1,S1,B,B1GQ,_Z,_Z,_Z,EUR,V,N,2021-Q1,895740,A,F,,,,P3M,"Gross domestic product at market prices - Germany - Domestic (home or reference area), Total economy, Euro, Current prices, Non transformed data, Neither seasonally adjusted nor calendar adjusted data",4D0,,,2,,,C,,,,,S,"Gross domestic product at market prices, nominal",,6,
MNA.Q.N.DE.W2.S1.S1.B.B1GQ._Z._Z._Z.EUR.V.N,Q,N,DE,W2,S1,S1,B,B1GQ,_Z,_Z,_Z,EUR,V,N,2021-Q2,901930,A,F,,,,P3M,"Gross domestic product at market prices - Germany - Domestic (home or reference area), Total economy, Euro, Current prices, Non transformed data, Neither seasonally adjusted nor calendar adjusted data",4D0,,,2,,,C,,,,,S,"Gross domestic product at market prices, nominal",,6,
MNA.Q.N.DE.W2.S1.S1.B.B1GQ._Z._Z._Z.EUR.V.N,Q,N,DE,W2,S1,S1,B,B1GQ,_Z,_Z,_Z,EUR,V,N,2021-Q3,941410,A,F,,,,P3M,"Gross domestic product at market prices - Germany - Domestic (home or reference area), Total economy, Euro, Current prices, Non transformed data, Neither seasonally adjusted nor calendar adjusted data",4D0,,,2,,,C,,,,,S,"Gross domestic product at market prices, nominal",,6,
MNA.Q.N.DE.W2.S1.S1.B.B1GQ._Z._Z._Z.EUR.V.N,Q,N,DE,W2,S1,S1,B,B1GQ,_Z,_Z,_Z,EUR,V,N,2021-Q4,974010,A,F,,,,P3M,"Gross domestic product at market prices - Germany - Domestic (home or reference area), Total economy, Euro, Current prices, Non transformed data, Neither seasonally adjusted nor calendar adjusted data",4D0,,,2,,,C,,,,,S,"Gross domestic product at market prices, nominal",,6,
MNA.Q.N.DE.W2.S1.S1.B.B1GQ._Z._Z._Z.EUR.V.N,Q,N,DE,W2,S1,S1,B,B1GQ,_Z,_Z,_Z,EUR,V,N,2022-Q1,979740,A,F,,,,P3M,"Gross domestic product at market prices - Germany - Domestic (home or reference area), Total economy, Euro, Current prices, Non transformed data, Neither seasonally adjusted nor calendar adjusted data",4D0,,,2,,,C,,,,,S,"Gross domestic product at market prices, nominal",,6,
MNA.Q.N.DE.W2.S1.S1.B.B1GQ._Z._Z._Z.EUR.V.N,Q,N,DE,W2,S1,S1,B,B1GQ,_Z,_Z,_Z,EUR,V,N,2022-Q2,979680,A,F,,,,P3M,"Gross domestic product at market prices - Germany - Domestic (home or reference area), Total economy, Euro, Current prices, Non transformed data, Neither seasonally adjusted nor calendar adjusted data",4D0,,,2,,,C,,,,,S,"Gross domestic product at market prices, nominal",,6,
MNA.Q.N.DE.W2.S1.S1.B.B1GQ._Z._Z._Z.EUR.V.N,Q,N,DE,W2,S1,S1,B,B1GQ,_Z,_Z,_Z,EUR,V,N,2022-Q3,1010100,A,F,,,,P3M,"Gross domestic product at market prices - Germany - Domestic (home or reference area), Total economy, Euro, Current prices, Non transformed data, Neither seasonally adjusted nor calendar adjusted data",4D0,,,2,,,C,,,,,S,"Gross domestic product at market prices, nominal",,6,
MNA.Q.N.DE.W2.S1.S1.B.B1GQ._Z._Z._Z.EUR.V.N,Q,N,DE,W2,S1,S1,B,B1GQ,_Z,_Z,_Z,EUR,V,N,2022-Q4,1041110,A,F,,,,P3M,"Gross domestic product at market prices - Germany - Domestic (home or reference area), Total economy, Euro, Current prices, Non transformed data, Neither seasonally adjusted nor calendar adjusted data",4D0,,,2,,,C,,,,,S,"Gross domestic product at market prices, nominal",,6,
MNA.Q.N.DE.W2.S1.S1.B.B1GQ._Z._Z._Z.EUR.V.N,Q,N,DE,W2,S1,S1,B,B1GQ,_Z,_Z,_Z,EUR,V,N,2023-Q1,1052720,P,F,,,,P3M,"Gross domestic product at market prices - Germany - Domestic (home or reference area), Total economy, Euro, Current prices, Non transformed data, Neither seasonally adjusted nor calendar adjusted data",4D0,,,2,,,C,,,,,S,"Gross domestic product at market prices, nominal",,6,
MNA.Q.N.DE.W2.S1.S1.B.B1GQ._Z._Z._Z.EUR.V.N,Q,N,DE,W2,S1,S1,B,B1GQ,_Z,_Z,_Z,EUR,V,N,2023-Q2,1037880,P,F,,,,P3M,"Gross domestic product at market prices - Germany - Domestic (home or reference area), Total economy, Euro, Current prices, Non transformed data, Neither seasonally adjusted nor calendar adjusted data",4D0,,,2,,,C,,,,,S,"Gross domestic product at market prices, nominal",,6,
MNA.Q.N.DE.W2.S1.S1.B.B1GQ._Z._Z._Z.EUR.V.N,Q,N,DE,W2,S1,S1,B,B1GQ,_Z,_Z,_Z,EUR,V,N,2023-Q3,1066020,P,F,,,,P3M,"Gross domestic product at market prices - Germany - Domestic (home or reference area), Total economy, Euro, Current prices, Non transformed data, Neither seasonally adjusted nor calendar adjusted data",4D0,,,2,,,C,,,,,S,"Gross domestic product at market prices, nominal",,6,
MNA.Q.N.DE.W2.S1.S1.B.B1GQ._Z._Z._Z.EUR.V.N,Q,N,DE,W2,S1,S1,B,B1GQ,_Z,_Z,_Z,EUR,V,N,2023-Q4,1098310,E,F,,,,P3M,"Gross domestic product at market prices - Germany - Domestic (home or reference area), Total economy, Euro, Current prices, Non transformed data, Neither seasonally adjusted nor calendar adjusted data",4D0,,,2,,,C,,,,,S,"Gross domestic product at market prices, nominal",,6,
MNA.Q.N.DE.W2.S1.S1.B.B1GQ._Z._Z._Z.EUR.V.N,Q,N,DE,W2,S1,S1,B,B1GQ,_Z,_Z,_Z,EUR,V,N,2024-Q1,1085490,P,F,,,,P3M,"Gross domestic product at market prices - Germany - Domestic (home or reference area), Total economy, Euro, Current prices, Non transformed data, Neither seasonally adjusted nor calendar adjusted data",4D0,,,2,,,C,,,,,S,"Gross domestic product at market prices, nominal",,6,
MNA.Q.N.DE.W2.S1.S1.B.B1GQ._Z._Z._Z.EUR.V.N,Q,N,DE,W2,S1,S1,B,B1GQ,_Z,_Z,_Z,EUR,V,N,2024-Q2,1076240,P,F,,,,P3M,"Gross domestic product at market prices - Germany - Domestic (home or reference area), Total economy, Euro, Current prices, Non transformed data, Neither seasonally adjusted nor calendar adjusted data",4D0,,,2,,,C,,,,,S,"Gross domestic product at market prices, nominal",,6,
MNA.Q.N.DE.W2.S1.S1.B.B1GQ._Z._Z._Z.EUR.V.N,Q,N,DE,W2,S1,S1,B,B1GQ,_Z,_Z,_Z,EUR,V,N,2024-Q3,1099190,P,F,,,,P3M,"Gross domestic product at market prices - Germany - Domestic (home or reference area), Total economy, Euro, Current prices, Non transformed data, Neither seasonally adjusted nor calendar adjusted data",4D0,,,2,,,C,,,,,S,"Gross domestic product at market prices, nominal",,6,
MNA.Q.N.DE.W2.S1.S1.B.B1GQ._Z._Z._Z.EUR.V.N,Q,N,DE,W2,S1,S1,B,B1GQ,_Z,_Z,_Z,EUR,V,N,2024-Q4,1126020,P,F,,,,P3M,"Gross domestic product at market prices - Germany - Domestic (home or reference area), Total economy, Euro, Current prices, Non transformed data, Neither seasonally adjusted nor calendar adjusted data",4D0,,,2,,,C,,,,,S,"Gross domestic product at market prices, nominal",,6,
MNA.Q.N.DE.W2.S1.S1.B.B1GQ._Z._Z._Z.EUR.V.N,Q,N,DE,W2,S1,S1,B,B1GQ,_Z,_Z,_Z,EUR,V,N,2025-Q1,1116180,P,F,,,,P3M,"Gross domestic product at market prices - Germany - Domestic (home or reference area), Total economy, Euro, Current prices, Non transformed data, Neither seasonally adjusted nor calendar adjusted data",4D0,,,2,,,C,,,,,S,"Gross domestic product at market prices, nominal",,6,
MNA.Q.N.DE.W2.S1.S1.B.B1GQ._Z._Z._Z.EUR.V.N,Q,N,DE,W2,S1,S1,B,B1GQ,_Z,_Z,_Z,EUR,V,N,2025-Q2,1108890,P,F,,,,P3M,"Gross domestic product at market prices - Germany - Domestic (home or reference area), Total economy, Euro, Current prices, Non transformed data, Neither seasonally adjusted nor calendar adjusted data",4D0,,,2,,,C,,,,,S,"Gross domestic product at market prices, nominal",,6,
MNA.Q.N.DE.W2.S1.S1.B.B1GQ._Z._Z._Z.EUR.V.N,Q,N,DE,W2,S1,S1,B,B1GQ,_Z,_Z,_Z,EUR,V,N,2025-Q3,1136710,P,F,,,,P3M,"Gross domestic product at market prices - Germany - Domestic (home or reference area), Total economy, Euro, Current prices, Non transformed data, Neither seasonally adjusted nor calendar adjusted data",4D0,,,2,,,C,,,,,S,"Gross domestic product at market prices, nominal",,6,
MNA.Q.N.DE.W2.S1.S1.B.B1GQ._Z._Z._Z.EUR.V.N,Q,N,DE,W2,S1,S1,B,B1GQ,_Z,_Z,_Z,EUR,V,N,2025-Q4,1167930,P,F,,,,P3M,"Gross domestic product at market prices - Germany - Domestic (home or reference area), Total economy, Euro, Current prices, Non transformed data, Neither seasonally adjusted nor calendar adjusted data",4D0,,,2,,,C,,,,,S,"Gross domestic product at market prices, nominal",,6,
MNA.Q.N.DE.W2.S1.S1.B.B1GQ._Z._Z._Z.EUR.V.N,Q,N,DE,W2,S1,S1,B,B1GQ,_Z,_Z,_Z,EUR,V,N,2026-Q1,1155260,P,F,,,,P3M,"Gross domestic product at market prices - Germany - Domestic (home or reference area), Total economy, Euro, Current prices, Non transformed data, Neither seasonally adjusted nor calendar adjusted data",4D0,,,2,,,C,,,,,S,"Gross domestic product at market prices, nominal",,6,
MNA.Q.N.DE.W2.S1.S1.B.B1GQ._Z._Z._Z.EUR.V.N,Q,N,DE,W2,S1,S1,B,B1GQ,_Z,_Z,_Z,EUR,V,N,2026-Q2,1151030,P,F,,,,P3M,"Gross domestic product at market prices - Germany - Domestic (home or reference area), Total economy, Euro, Current prices, Non transformed data, Neither seasonally adjusted nor calendar adjusted data",4D0,,,2,,,C,,,,,S,"Gross domestic product at market prices, nominal",,6,
