DATE,IUDSNZC,IUDMNZC,IUDLNZC,IUDSNPY,IUDMNPY,IUDLNPY,IUDBEDR
01 Sep 2026,4.6675,5.2068,5.8845,4.6616,5.1333,5.6139,3.75
02 Sep 2026,4.7059,5.2416,5.9164,4.6975,5.171,5.6469,3.75
03 Sep 2026,4.6185,5.1575,5.841,4.6085,5.0843,5.5699,3.75
04 Sep 2026,4.6169,5.1425,5.8225,4.6082,5.0737,5.5555,3.75
07 Sep 2026,4.6496,5.1775,5.8562,4.639,5.1079,5.5899,3.75
08 Sep 2026,4.6494,5.1626,5.8358,4.6384,5.0979,5.5736,3.75
09 Sep 2026,4.7525,5.2493,5.9065,4.735,5.1922,5.6484,3.75
10 Sep 2026,4.9066,5.3572,5.9666,4.8949,5.319,5.721,3.75
11 Sep 2026,4.8831,5.3483,5.9643,4.8643,5.304,5.7214,3.75
14 Sep 2026,4.9597,5.3882,5.9568,4.9421,5.3699,5.7299,3.75
15 Sep 2026,4.9496,5.3861,5.9723,4.9288,5.3616,5.7404,3.75
16 Sep 2026,4.8226,5.2876,5.8951,4.8067,5.2421,5.6526,3.75
17 Sep 2026,4.7695,5.2074,5.7726,4.7598,5.1742,5.5539,3.75
18 Sep 2026,4.8842,5.2899,5.7894,4.8826,5.256,5.5688,3.75
21 Sep 2026,4.7788,5.1935,5.7367,4.7738,5.163,5.5042,3.75
22 Sep 2026,4.79,5.2113,5.7681,4.7798,5.1907,5.5445,3.75
23 Sep 2026,4.8957,5.3055,5.8458,4.8785,5.291,5.6337,3.75
24 Sep 2026,4.9373,5.3613,5.9034,4.9244,5.3438,5.6757,3.75
25 Sep 2026,4.9201,5.3842,5.9312,4.9162,5.3321,5.6844,3.75
28 Sep 2026,4.9756,5.4123,5.9618,4.9696,5.3829,5.7201,3.75
29 Sep 2026,4.9449,5.3807,5.9483,4.9357,5.364,5.7119,3.75
30 Sep 2026,4.9415,5.4028,5.9766,4.9224,5.3714,5.7327,3.75
01 Oct 2026,4.9224,5.424,6.0143,4.9132,5.3665,5.752,3.75
02 Oct 2026,4.8779,5.354,5.9242,4.8917,5.3341,5.6879,3.75
05 Oct 2026,,,,,,,3.75
