DATE,IUMBV34,IUMBV37,IUMBV42,IUMTLMV,IUMAMNPY
31 Jan 2025,4.63,4.5,4.37,7.48,4.6627
28 Feb 2025,4.65,4.49,4.38,7.35,4.5063
31 Mar 2025,4.54,4.38,4.32,7.24,4.6448
30 Apr 2025,4.42,4.34,4.29,7.19,4.5762
31 May 2025,4.18,4.27,4.19,7.08,4.6004
30 Jun 2025,4.28,4.28,4.26,6.98,4.5248
31 Jul 2025,4.21,4.18,4.15,6.99,4.5924
31 Aug 2025,4.1,4.1,4.11,6.89,4.6369
30 Sep 2025,4.19,4.18,4.16,6.8,4.6885
31 Oct 2025,4.2,4.19,4.17,6.81,4.5721
30 Nov 2025,4.06,4.02,4.06,6.82,4.4985
31 Dec 2025,3.97,3.99,3.99,6.77,4.4826
31 Jan 2026,3.93,3.93,3.94,6.62,4.451
28 Feb 2026,3.97,3.93,4,6.59,4.4324
31 Mar 2026,4.45,4.36,4.42,6.6,4.7007
30 Apr 2026,5.14,4.97,4.96,6.58,4.8207
31 May 2026,4.91,4.89,4.77,6.58,4.9416
30 Jun 2026,4.8,4.78,4.62,6.58,4.796
31 Jul 2026,4.79,4.66,4.58,6.58,4.9318
31 Aug 2026,4.92,4.77,4.78,6.58,4.9886
30 Sep 2026,,,,,5.2421
