0,3m,2y,5y,10y,20y,25y,30y
1979-01,,12.7159,13.2388,13.4178,12.8104,,
1979-02,,11.128,11.6334,12.2564,12.6639,,
1979-03,,10.397,10.4681,10.9244,11.7451,,
1979-04,,9.9768,10.4516,11.1028,11.8773,,
1979-05,,10.8105,11.0514,11.4081,12.1957,,
1979-06,,11.8211,12.0669,12.2699,,,
1979-07,,12.0626,11.9942,12.1767,,,
1979-08,13.5598,11.8292,11.6598,11.8067,,,
1979-09,,11.8564,11.7072,11.8643,,,
1979-10,,12.7942,12.7083,12.6109,,,
1979-11,,14.3256,14.5383,13.7135,,,
1979-12,,14.3363,14.3145,13.9155,,,
1980-01,,14.3428,14.2055,13.5442,,,
1980-02,16.2163,14.849,14.3684,13.6837,,,
1980-03,,14.6192,14.16,13.6594,,,
1980-04,,13.6602,13.4106,13.1058,,,
1980-05,,13.6236,13.2064,12.7911,,,
1980-06,,13.0543,12.6342,12.8971,12.9777,,
1980-07,,12.7054,12.4401,12.7186,11.6534,,
1980-08,15.2365,13.4958,13.1674,13.2028,,,
1980-09,,12.4967,12.3544,12.8248,,,
1980-10,17.6495,12.6597,12.4998,12.5103,,,
1980-11,,12.5304,12.3162,12.5235,,,
1980-12,13.8783,12.7174,12.8767,13.3062,,,
1981-01,13.2546,12.5099,12.8541,13.4041,,,
1981-02,,12.0687,12.5815,13.2271,,,
1981-03,11.8169,12.1829,12.6038,13.0149,,,
1981-04,,12.3869,12.6076,13.1866,,,
1981-05,11.2218,12.7457,13.0778,13.3793,,,
1981-06,,12.7785,13.6648,14.1503,,,
1981-07,,13.6123,14.19,14.5752,,,
1981-08,13.2885,13.3556,14.1567,14.7223,,,
1981-09,,15.1167,15.3587,15.4421,,,
1981-10,,14.9464,15.4438,15.2188,,,
1981-11,,14.0165,14.4949,14.258,,,
1981-12,14.8,14.8213,15.541,15.068,,,
1982-01,,13.7741,14.9361,14.6432,,,
1982-02,,13.1771,14.1254,13.7608,,,
1982-03,,12.6091,12.6295,13.793,,,
1982-04,,12.7971,13.0392,14.1337,,,
1982-05,,12.1792,12.6626,13.9143,,,
1982-06,,12.2643,12.4966,13.8766,,,
1982-07,,10.9783,11.4674,13.281,,,
1982-08,,10.1893,10.5452,12.0437,,,
1982-09,,9.8089,10.4685,11.6573,,,
1982-10,9.5537,8.8956,9.6842,10.7415,,,
1982-11,,10.2252,10.7883,11.7291,,,
1982-12,10.083,10.1422,10.5172,11.3339,,,
1983-01,,10.7509,11.2236,12.1314,,,
1983-02,,10.2972,10.8723,11.5788,,,
1983-03,,10.417,10.9009,11.2849,,,
1983-04,9.9166,9.9916,10.7557,11.1498,,,
1983-05,,10.194,10.7801,10.9728,,,
1983-06,,10.1268,10.8245,11.1208,,,
1983-07,,10.8356,11.4479,11.6773,,,
1983-08,9.4646,10.8823,11.5206,11.5909,,,
1983-09,9.3403,10.0562,10.8739,10.9866,,,
1983-10,,10.0538,10.7348,10.885,,,
1983-11,8.9879,10.0447,10.641,10.6113,,,
1983-12,,10.0272,10.6827,10.7704,,,
1984-01,,9.9909,10.8326,10.863,,,
1984-02,9.1983,9.831,10.5916,10.7988,,,
1984-03,,9.6321,10.4114,10.6671,,,
1984-04,,9.9179,10.8393,11.0343,,,
1984-05,,11.1741,11.892,11.7378,,,
1984-06,9.2145,11.0884,11.7583,11.6893,,,
1984-07,,12.2505,12.7371,12.2421,,,
1984-08,,11.2078,11.6236,11.3014,,,
1984-09,,11.0396,11.4149,11.01,,,
1984-10,,10.7276,11.192,10.9614,,,
1984-11,9.3599,10.0074,10.6671,10.7631,,,
1984-12,,10.5871,11.0561,11.0698,,,
1985-01,,11.2003,11.3638,11.3651,9.4714,,
1985-02,,11.6565,11.4755,11.2692,9.3526,,
1985-03,,11.3863,11.2853,10.9654,9.1822,,
1985-04,12.8511,11.1021,11.0791,10.9525,9.4132,,
1985-05,,11.131,11.0252,10.9582,9.4718,,
1985-06,,11.0958,11.0132,10.8719,9.4604,,
1985-07,,10.3749,10.5497,10.5679,9.2929,,
1985-08,11.3469,10.3302,10.388,10.514,9.3281,,
1985-09,,10.3252,10.312,10.3427,9.3979,,
1985-10,,10.379,10.3384,10.4212,,,
1985-11,11.3513,10.621,10.5025,10.4461,,,
1985-12,,11.0842,10.8382,10.6128,,,
1986-01,,11.5724,11.1917,10.9311,,,
1986-02,,10.6076,10.1888,10.0679,,,
1986-03,12.1623,9.5156,9.0107,8.9158,,,
1986-04,,8.5891,8.4279,8.7353,,,
1986-05,,8.7132,8.691,9.1297,,,
1986-06,,9.0618,8.9836,9.3236,8.8347,,
1986-07,9.7416,9.4627,9.3076,9.5124,8.8196,,
1986-08,9.8293,9.2384,9.1427,9.4118,8.7891,,
1986-09,,11.0166,10.9438,10.7694,9.3891,,
1986-10,10.5284,10.8389,10.8422,10.732,9.5299,,
1986-11,,10.9352,11.0038,11.0003,9.7522,,
1986-12,,10.6264,10.4598,10.3379,9.3314,,
1987-01,10.9466,10.0868,10.025,10.0927,9.233,,
1987-02,,9.5667,9.4983,9.6049,8.9198,,
1987-03,9.4281,8.9636,8.9272,9.1801,8.6372,,
1987-04,,8.5626,8.6519,8.9344,8.3545,,
1987-05,,8.5432,8.5918,8.8365,8.2837,,
1987-06,,8.9788,8.9751,9.2186,8.5508,,
1987-07,,9.498,9.572,9.8268,8.9892,,
1987-08,9.8308,10.2887,10.2107,10.2308,9.1948,,
1987-09,,9.9404,10.0058,10.1394,9.1088,,
1987-10,,8.9454,9.111,9.4246,8.7092,,
1987-11,,8.5469,8.8172,9.3715,8.7711,,
1987-12,,8.8608,9.1355,9.6614,8.8759,,
1988-01,,8.9036,9.0257,9.3938,8.7032,,
1988-02,9.1157,9.0065,9.0438,9.2446,8.5179,,
1988-03,,8.4891,8.8027,9.1341,8.4192,,
1988-04,,8.6546,8.9618,9.3884,8.5821,,
1988-05,,8.6501,9.0243,9.4789,8.6305,,
1988-06,,9.5405,9.5587,9.7039,8.7264,,
1988-07,10.2805,9.7401,9.6672,9.6368,8.5568,,
1988-08,,10.4376,10.1509,9.9361,8.6376,,
1988-09,,9.8841,9.8505,9.669,8.369,,
1988-10,,9.9968,9.6374,9.3743,8.1562,,
1988-11,12.5967,11.0094,10.4084,9.7851,8.1811,,
1988-12,,10.8728,10.2415,9.7854,8.2484,,
1989-01,,10.4022,9.8183,9.4237,8.2145,,
1989-02,,10.897,10.1155,9.5988,8.0966,,
1989-03,12.3596,10.8977,10.1592,9.6464,8.2063,,
1989-04,12.2529,11.0038,10.2696,9.7023,8.236,,
1989-05,12.125,11.639,10.5516,10.019,8.5157,,
1989-06,12.9436,11.5088,10.509,9.9739,8.4631,,
1989-07,,10.8118,9.9315,9.5368,8.2139,,
1989-08,,11.0453,10.0889,9.6485,8.3151,,
1989-09,,11.8744,10.6776,9.9767,8.535,,
1989-10,14.0141,11.5919,10.5197,9.98,8.6644,,
1989-11,14.066,12.0836,10.8788,10.2194,8.9027,,
1989-12,14.4772,11.889,10.5681,9.9332,8.652,,
1990-01,,12.4646,11.2046,10.5653,9.081,,
1990-02,,12.8657,11.726,11.0353,9.4979,,
1990-03,,13.3914,12.3893,11.6889,10.0303,,
1990-04,,13.7245,12.9316,12.3681,10.4423,,
1990-05,,12.689,11.8411,11.4722,9.8406,,
1990-06,,12.2279,11.4397,11.0111,9.5904,,
1990-07,,12.0971,11.4991,11.1598,9.6573,,
1990-08,,11.8413,11.573,11.5079,9.8949,,
1990-09,,12.0343,11.7003,11.5759,9.921,,
1990-10,12.9236,11.0067,11.0233,11.1052,9.9396,,
1990-11,,10.7008,10.6494,10.5544,9.5915,,
1990-12,,11.0247,10.8458,10.6049,9.5153,,
1991-01,,10.8008,10.2398,9.8763,9.1499,,
1991-02,,10.0992,9.9959,9.963,9.1459,,
1991-03,,9.9908,10.0019,9.9175,9.153,,
1991-04,,9.9788,10.126,10.037,9.2099,,
1991-05,,9.9194,10.2119,10.2371,9.3765,,
1991-06,,10.002,10.3856,10.2705,9.4453,,
1991-07,10.4043,9.881,10.0943,9.9132,9.3089,,
1991-08,,9.676,9.8539,9.7,,,
1991-09,9.66,9.3051,9.5276,9.3788,,,
1991-10,9.9572,9.4144,9.6136,9.4646,,,
1991-11,10.3049,9.6675,9.8402,9.6094,,,
1991-12,,9.8102,9.8182,9.4436,,,
1992-01,10.1259,9.3272,9.462,9.1623,,,
1992-02,,9.195,9.292,9.0444,8.6747,,
1992-03,,10.0261,9.9633,9.5535,9.0722,,
1992-04,,9.2569,9.2143,8.9377,8.6708,8.635,
1992-05,9.5974,8.9734,8.9554,8.6864,8.4142,8.3815,
1992-06,9.5784,9.1118,9.1295,8.8946,8.5577,8.4593,
1992-07,,9.5308,9.3871,9.0058,8.5363,8.4002,
1992-08,,9.8608,9.752,9.315,8.7079,8.576,
1992-09,,8.1192,8.5749,8.9679,9.3708,,
1992-10,,6.7326,7.4803,8.2816,9.0644,,
1992-11,6.6925,6.982,7.845,8.6573,9.1922,,
1992-12,,6.7684,7.5375,8.3248,8.9497,,
1993-01,6.4487,6.0337,7.2029,8.3752,9.1747,,
1993-02,,5.7392,6.9559,8.0906,8.7926,,
1993-03,,6.013,7.0621,7.9802,8.633,,
1993-04,5.7473,6.522,7.5219,8.3293,8.7454,,
1993-05,,6.3364,7.4968,8.3646,8.7924,,
1993-06,5.5018,6.037,7.1514,7.8629,8.2211,,
1993-07,,5.6736,6.8468,7.5778,7.9389,,
1993-08,5.5466,5.6301,6.5386,6.9943,7.3439,,
1993-09,,5.7479,6.591,7.093,7.3343,,
1993-10,,5.454,6.4046,7.0478,7.2804,,
1993-11,5.0326,5.3323,6.2536,6.7881,6.9034,,
1993-12,5.0327,5.0803,5.7792,6.2493,6.4849,,
1994-01,5.0684,5.185,5.866,6.3694,6.5275,,
1994-02,,5.4727,6.5501,7.0636,7.0862,,
1994-03,4.9668,6.2311,7.3682,7.6047,7.6014,,
1994-04,,6.4581,7.7436,7.9419,7.7046,,
1994-05,4.7656,6.7966,8.3402,8.6364,8.327,,
1994-06,,7.0411,8.5492,8.7312,8.2559,,
1994-07,,7.3576,8.4523,8.5509,8.1042,,
1994-08,5.3437,7.4608,8.4406,8.4948,8.1044,,
1994-09,,7.8754,8.7518,8.742,8.2864,,
1994-10,5.5643,7.783,8.6899,8.6538,8.2088,,
1994-11,,7.6292,8.3971,8.3613,8.073,,
1994-12,,7.9926,8.6415,8.5891,8.2037,,
1995-01,,7.8589,8.5128,8.4686,8.1491,,
1995-02,,7.8885,8.5465,8.5358,8.1757,,
1995-03,,7.7344,8.3818,8.4125,8.1901,,
1995-04,6.2243,7.767,8.2995,8.3539,8.1164,,
1995-05,,7.1404,7.6674,7.8766,7.7886,,
1995-06,,7.5226,8.166,8.4023,8.2996,,
1995-07,,7.197,7.8332,8.175,8.1981,,
1995-08,6.3198,6.9094,7.6298,8.0786,8.1548,,
1995-09,,6.8166,7.6371,8.1379,8.292,,
1995-10,6.4713,6.7313,7.4311,7.9523,8.1681,,
1995-11,,6.2643,6.9746,7.6054,7.8553,,
1995-12,,6.1799,6.8415,7.4672,7.7865,,
1996-01,,6.1522,6.8831,7.5456,7.9667,,
1996-02,5.8045,6.4937,7.3541,8.0528,8.3804,8.2681,
1996-03,,6.7535,7.611,8.1918,8.4269,8.3336,
1996-04,,6.6352,7.4686,8.0649,8.3307,8.2683,
1996-05,,6.6947,7.5964,8.1666,8.4264,8.3788,
1996-06,,6.3835,7.3185,7.9349,8.3288,8.3932,
1996-07,,6.3513,7.3062,7.943,8.3158,,
1996-08,5.5822,6.2656,7.2292,7.9674,8.3729,,
1996-09,,6.3328,7.0716,7.7152,8.1365,,
1996-10,5.6979,6.6407,7.1927,7.643,7.9542,,
1996-11,6.1609,6.6722,6.9883,7.3202,7.5398,,
1996-12,,6.7973,7.2053,7.4728,7.597,,
1997-01,,6.5951,7.0258,7.3973,7.6499,,
1997-02,,6.5483,6.9121,7.2275,7.4468,,
1997-03,6.017,6.9053,7.3326,7.6007,7.7294,,
1997-04,6.1762,6.7616,7.1258,7.4202,7.5928,,
1997-05,6.2606,6.8015,7.0098,7.1414,7.2018,,
1997-06,6.5675,6.9248,6.9902,7.0168,7.0353,,
1997-07,6.7905,6.9537,6.929,6.8628,6.7147,,
1997-08,6.9693,7.007,6.9761,6.9825,6.8724,,
1997-09,6.9439,6.8155,6.4105,6.3562,6.5015,,
1997-10,6.9668,6.7681,6.5531,6.4416,6.3595,,
1997-11,7.255,7.0016,6.6474,6.3452,6.2511,,
1997-12,7.2204,6.702,6.4005,6.1766,6.1234,,
1998-01,7.1735,6.4359,6.1285,5.9443,5.9454,5.8664,
1998-02,7.1746,6.6256,6.2125,5.9791,5.8968,5.7941,
1998-03,7.149,6.4976,6.0446,5.7766,5.6711,5.572,
1998-04,6.9913,6.3412,5.9082,5.723,5.6691,5.5753,
1998-05,7.0724,6.3378,5.8198,5.5868,5.5322,5.4437,
1998-06,7.3916,6.8785,6.157,5.6548,5.4298,5.2905,
1998-07,7.384,6.7461,6.0474,5.5784,5.3983,5.2754,
1998-08,7.1946,6.1576,5.532,5.1976,5.1123,4.984,
1998-09,6.9451,5.6495,5.0376,4.792,4.6574,4.4963,
1998-10,6.6942,5.3447,4.9727,4.9951,4.9385,4.7707,
1998-11,6.2712,5.2492,4.7206,4.5992,4.4848,4.3115,
1998-12,5.553,4.8193,4.3719,4.3204,4.38,4.2448,
1999-01,5.3947,4.6587,4.198,4.1264,4.2935,4.1862,
1999-02,5.0666,4.8224,4.6468,4.5624,4.5413,4.4478,
1999-03,4.8431,4.6585,4.5823,4.5323,4.5472,4.4481,
1999-04,4.9647,4.9501,4.8102,4.6291,4.5427,4.4659,
1999-05,4.9622,5.0159,5.0702,4.9183,4.7684,4.6814,
1999-06,4.7439,5.1799,5.4032,5.1012,4.58,4.4605,
1999-07,4.913,5.5989,5.7292,5.3649,4.6066,4.4173,
1999-08,4.8117,5.6954,5.7076,5.168,4.4194,4.2613,
1999-09,5.2825,6.056,6.1497,5.6269,4.6545,4.4468,
1999-10,5.3388,6.0794,6.0228,5.379,4.2998,4.0885,
1999-11,5.471,6.239,5.9641,5.1532,4.107,3.9218,
1999-12,5.492,6.3448,6.0376,5.3756,4.3647,4.2338,
2000-01,5.908,6.4749,6.2861,5.6139,4.479,4.2897,
2000-02,5.9577,6.3026,6.0103,5.335,4.3632,4.1894,
2000-03,5.9253,6.2734,5.8575,5.1478,4.3495,4.2107,
2000-04,5.9739,6.0692,5.7047,5.0977,4.2623,4.1241,
2000-05,5.8868,6.1365,5.6958,5.0513,4.3045,4.1119,
2000-06,5.8469,5.9429,5.595,5.0731,4.3797,4.2136,
2000-07,5.9031,5.9697,5.6384,5.1357,4.4363,4.2567,
2000-08,5.8749,5.9887,5.6807,5.2491,4.5683,4.3683,
2000-09,5.7808,5.7887,5.5287,5.1367,4.6199,4.4405,
2000-10,5.7628,5.7002,5.4743,5.0874,4.5168,4.3354,
2000-11,5.7,5.3709,5.1547,4.7891,4.2618,4.0789,
2000-12,5.5953,5.1703,5.083,4.7809,4.291,4.1141,
2001-01,5.4893,5.0854,4.978,4.6718,4.3694,4.2284,
2001-02,5.3938,5.0323,4.9824,4.7079,4.378,4.2442,
2001-03,5.2254,4.8642,4.8425,4.7218,4.5984,4.4992,
2001-04,5.0837,4.9988,5.126,5.065,4.8872,4.7712,
2001-05,5.0027,5.194,5.2777,5.1627,5.0197,4.9161,
2001-06,5.0363,5.4599,5.4376,5.2329,5.0078,4.901,
2001-07,4.9974,5.1196,5.1702,5.0002,4.7653,4.6526,
2001-08,4.6575,4.8562,4.9746,4.8652,4.682,4.5189,
2001-09,4.2738,4.5308,4.8735,4.9172,4.8559,4.7455,
2001-10,3.9901,4.1581,4.5126,4.5368,4.4576,4.3236,
2001-11,3.7738,4.2942,4.6523,4.6479,4.5089,4.3725,
2001-12,3.839,4.719,5.0788,5.0326,4.782,4.6209,
2002-01,3.8234,4.675,4.9044,4.8138,4.6689,4.5062,
2002-02,3.8331,4.6341,4.9428,4.923,4.7928,4.6604,
2002-03,3.9845,5.009,5.3046,5.2456,5.0823,4.9481,
2002-04,3.9087,4.7759,5.1522,5.1553,5.0257,4.9108,
2002-05,3.9539,4.8941,5.2156,5.2282,5.1364,5.0344,
2002-06,3.9601,4.7135,5.0148,4.9715,4.8164,4.721,
2002-07,3.8265,4.1672,4.7231,4.9201,4.8015,4.6979,
2002-08,3.8446,4.0361,4.4976,4.6394,4.4857,4.3701,
2002-09,3.743,3.6893,4.1825,4.412,4.3797,4.2796,
2002-10,3.7565,3.8231,4.3315,4.5992,4.5466,4.4332,
2002-11,3.847,4.1215,4.5062,4.6898,4.6549,4.5588,
2002-12,3.8193,3.7656,4.1583,4.3967,4.4607,4.411,
2003-01,3.7058,3.6539,4.0136,4.2807,4.374,4.3179,
2003-02,3.4613,3.3175,3.7987,4.227,4.4687,4.4517,
2003-03,3.4727,3.4696,3.9584,4.3549,4.5931,4.5621,
2003-04,3.4535,3.488,4.0086,4.4202,4.6491,4.6343,
2003-05,3.4168,3.3621,3.7737,4.1579,4.4323,4.4309,
2003-06,3.4478,3.3993,3.8401,4.2698,4.6015,4.6303,
2003-07,3.2828,3.7024,4.2291,4.6075,4.8344,4.8478,
2003-08,3.4511,4.067,4.4574,4.6562,4.6988,4.6574,
2003-09,3.549,3.9671,4.3404,4.5844,4.6736,4.6272,
2003-10,3.758,4.551,4.9274,5.0093,4.859,4.7554,
2003-11,3.8055,4.5478,4.911,5.0473,4.8909,4.7745,
2003-12,3.8146,4.2926,4.612,4.7733,4.7034,4.6119,
2004-01,3.9303,4.4314,4.7324,4.8572,4.7485,4.6401,
2004-02,3.9785,4.3209,4.5996,4.735,4.7232,4.6636,
2004-03,4.1706,4.4386,4.6154,4.7184,4.6453,4.5786,
2004-04,4.231,4.6229,4.8491,4.9564,4.839,4.7579,
2004-05,4.4414,4.9759,5.1163,5.1062,4.8917,4.786,
2004-06,4.6133,4.8891,5.039,5.0587,4.84,4.7264,
2004-07,4.7763,4.9825,5.0958,5.0518,4.7933,4.6818,
2004-08,4.7505,4.7295,4.8585,4.881,4.6547,4.5422,
2004-09,4.7009,4.6123,4.7433,4.7878,4.6312,4.5309,
2004-10,4.6679,4.5055,4.6267,4.7002,4.5693,4.4776,
2004-11,4.6018,4.3649,4.473,4.5606,4.4453,4.3562,
2004-12,4.5735,4.383,4.4287,4.4872,4.4097,4.3307,
2005-01,4.7093,4.4334,4.4769,4.5419,4.4811,4.409,
2005-02,4.7903,4.6987,4.6761,4.6514,4.5249,4.4403,
2005-03,4.776,4.6167,4.6099,4.6382,4.5672,4.5002,
2005-04,4.7297,4.4772,4.448,4.4749,4.4317,4.3809,
2005-05,4.6809,4.2229,4.2094,4.2811,4.3331,4.3126,
2005-06,4.5617,4.0235,4.0425,4.1508,4.2081,4.1957,
2005-07,4.4243,4.1524,4.2184,4.2884,4.3189,4.2988,
2005-08,4.3771,4.0626,4.0671,4.1238,4.1712,4.1588,
2005-09,4.4483,4.1503,4.1915,4.2464,4.2346,4.1947,
2005-10,4.4597,4.2657,4.2878,4.2823,4.2383,4.1857,
2005-11,4.4506,4.2342,4.209,4.1665,4.0859,4.0312,
2005-12,4.4593,4.1253,4.1073,4.0476,3.963,3.9036,
2006-01,4.4438,4.2466,4.1785,4.0783,3.8641,3.7468,
2006-02,4.4187,4.2844,4.2163,4.1192,3.9094,3.785,
2006-03,4.4323,4.4186,4.4027,4.3444,4.1385,4.0199,
2006-04,4.4903,4.5798,4.6191,4.5845,4.3291,4.193,
2006-05,4.5482,4.6707,4.6359,4.5389,4.2961,4.1522,
2006-06,4.5488,4.7525,4.741,4.6532,4.4132,4.2708,
2006-07,4.6095,4.7117,4.6664,4.5484,4.2981,4.153,
2006-08,4.8138,4.8061,4.6385,4.4357,4.1635,4.0295,
2006-09,4.8865,4.8174,4.6397,4.4466,4.155,4.0048,
2006-10,5.0092,4.9204,4.6964,4.4204,4.0629,3.8936,
2006-11,5.0566,4.9155,4.6916,4.4059,4.0903,3.9381,
2006-12,5.1485,5.0972,4.9117,4.6261,4.2583,4.0827,
2007-01,5.3886,5.3741,5.1465,4.8488,4.4282,4.2467,
2007-02,5.3218,5.2348,4.9729,4.6832,4.3059,4.1343,
2007-03,5.4073,5.3587,5.1363,4.8558,4.4694,4.2986,
2007-04,5.5308,5.441,5.1268,4.9249,4.5627,4.3803,
2007-05,5.6216,5.6776,5.3756,5.1262,4.7044,4.501,
2007-06,5.8015,5.7619,5.5629,5.3592,4.8982,4.682,
2007-07,5.8309,5.55,5.346,5.1163,4.6581,4.4502,
2007-08,5.7821,5.3018,5.104,4.9352,4.5497,4.372,
2007-09,5.6217,5.0069,4.9604,4.9505,4.6464,4.4944,
2007-10,5.6415,5.0587,4.9202,4.8693,4.588,4.4376,
2007-11,5.5119,4.5406,4.5507,4.6382,4.5124,4.4099,
2007-12,5.4075,4.3365,4.3935,4.5176,4.3833,4.271,
2008-01,5.1451,4.2357,4.2875,4.489,4.4161,4.312,
2008-02,5.1638,4.0323,4.1933,4.5271,4.5027,4.3885,
2008-03,5.0553,3.8564,3.9513,4.4245,4.6021,4.4375,
2008-04,4.9305,4.3535,4.4363,4.7338,4.7109,4.5134,
2008-05,5.0895,4.9991,4.9343,4.9995,4.8256,4.5752,
2008-06,5.192,5.1569,5.1581,5.168,4.8973,4.6485,
2008-07,5.1793,4.7984,4.7516,4.8489,4.7416,4.5242,
2008-08,5.0943,4.4774,4.3852,4.5304,4.5867,4.4304,
2008-09,4.5993,3.9704,4.1788,4.523,4.6833,4.5708,
2008-10,3.5003,3.0591,3.9564,4.6995,4.9214,4.7154,
2008-11,1.624,2.4618,3.3658,4.0107,4.5701,4.4094,
2008-12,1.3387,1.5114,2.6953,3.3892,4.0618,3.9789,
2009-01,1.0436,1.428,2.872,4.0768,4.6967,4.6618,
2009-02,0.7291,1.3153,2.6171,3.8151,4.7114,4.6761,
2009-03,0.7105,1.2767,2.4653,3.3015,4.2635,4.4397,
2009-04,0.6274,1.2962,2.594,3.6361,4.5822,4.6229,
2009-05,0.6389,1.3518,2.7154,3.8141,4.7127,4.8105,
2009-06,0.566,1.7213,2.9717,3.703,4.5708,4.6277,
2009-07,0.4259,1.7021,3.083,3.9125,4.7431,4.7663,
2009-08,0.403,1.3886,2.6877,3.6313,4.1118,4.2039,
2009-09,0.4281,1.3811,2.6807,3.7123,4.1499,4.1718,
2009-10,0.4425,1.4262,2.7662,3.7684,4.2789,4.2589,
2009-11,0.4584,1.2551,2.6607,3.6987,4.2359,4.2113,
2009-12,0.474,1.4418,2.9821,4.203,4.5939,4.5109,
2010-01,0.4986,1.4274,2.9411,4.1135,4.5279,4.4763,
2010-02,0.5085,1.1877,2.7834,4.2373,4.7692,4.7377,
2010-03,0.5279,1.2462,2.7852,4.1764,4.6577,4.6436,
2010-04,0.5272,1.258,2.7534,4.1034,4.6279,4.6162,
2010-05,0.5243,1.048,2.4101,3.7919,4.4818,4.481,
2010-06,0.5211,0.9362,2.2133,3.5853,4.3767,4.4054,
2010-07,0.4421,0.9921,2.2281,3.5691,4.4956,4.5627,
2010-08,0.5448,0.7707,1.7575,3.0217,3.9415,4.0319,
2010-09,0.5458,0.7867,1.813,3.1512,4.0071,4.1049,
2010-10,0.5421,0.8192,1.878,3.3042,4.3031,4.4058,
2010-11,0.5314,0.8491,2.0313,3.4591,4.4002,4.4538,
2010-12,0.579,1.0312,2.314,3.6174,4.3314,4.3598,
2011-01,0.5897,1.2357,2.5858,3.8827,4.5822,4.6272,
2011-02,0.5904,1.3673,2.6508,3.8872,4.5184,4.5539,
2011-03,0.6213,1.3905,2.6577,3.8975,4.5078,4.521,
2011-04,0.5904,1.179,2.4534,3.7116,4.3435,4.3585,
2011-05,0.569,1.0498,2.2507,3.5655,4.3125,4.3268,
2011-06,0.5511,0.9806,2.2036,3.6665,4.4964,4.513,
2011-07,0.535,0.746,1.7512,3.1755,4.2227,4.2999,
2011-08,0.5269,0.7082,1.6065,2.9038,4.0173,4.1679,
2011-09,0.5433,0.6345,1.4048,2.5096,3.5397,3.7598,
2011-10,0.5298,0.5703,1.3719,2.5642,3.4276,3.579,
2011-11,0.4624,0.4858,1.2752,2.4275,3.1294,3.2781,
2011-12,0.4567,0.3275,1.001,2.105,3.0454,3.2392,
2012-01,0.4638,0.3436,0.9544,2.0983,3.0189,3.1961,
2012-02,0.4768,0.3829,1.001,2.2582,3.2967,3.47,
2012-03,0.5207,0.4041,1.0639,2.3026,3.4265,3.6201,
2012-04,0.5124,0.4386,1.1065,2.2225,3.3693,3.5979,
2012-05,0.4884,0.2248,0.6842,1.6781,2.9031,3.1975,
2012-06,0.4725,0.2703,0.8297,1.8651,2.9802,3.2576,
2012-07,0.4209,0.0661,0.5721,1.6111,2.7978,3.1197,
2012-08,0.4177,0.07,0.5785,1.6236,2.8098,3.1716,
2012-09,0.427,0.1916,0.6985,1.7105,2.9605,3.3196,
2012-10,0.3944,0.2594,0.8251,1.8749,3.0229,3.3287,
2012-11,0.4021,0.3138,0.8346,1.7969,2.9595,3.2674,
2012-12,0.4622,0.3152,0.8943,1.8876,3.0296,3.3368,
2013-01,,0.3772,1.0798,2.1883,3.2986,3.5654,
2013-02,,0.2186,0.9203,2.1117,3.255,3.5264,
2013-03,,0.1708,0.7561,1.9006,3.1043,3.3663,
2013-04,,0.203,0.7343,1.7922,2.9541,3.2273,
2013-05,,0.3575,1.0237,2.1634,3.2631,3.5042,
2013-06,0.3463,0.4238,1.398,2.6171,3.5336,3.7119,
2013-07,,0.3341,1.2521,2.5581,3.5383,3.6917,
2013-08,,0.4746,1.5695,2.8293,3.637,3.717,
2013-09,,0.5096,1.5552,2.7591,3.5436,3.6375,
2013-10,,0.4935,1.5161,2.7045,3.4941,3.5997,
2013-11,,0.5399,1.6364,2.8776,3.6515,3.7233,
2013-12,0.3548,0.7164,1.9963,3.1571,3.7315,3.7567,
2014-01,,0.64,1.7838,2.8347,3.5531,3.6371,
2014-02,,0.6562,1.8002,2.8561,3.5489,3.6291,
2014-03,,0.7601,1.8748,2.8687,3.5518,3.6335,
2014-04,,0.7691,1.8618,2.8078,3.4997,3.5762,
2014-05,,0.779,1.8038,2.7029,3.4121,3.5102,
2014-06,0.3274,1.0163,1.9992,2.812,3.4527,3.5356,
2014-07,,1.0433,1.9886,2.7598,3.3236,3.396,
2014-08,,0.8801,1.7024,2.3916,2.967,3.047,
2014-09,,0.9158,1.781,2.4682,3.0612,3.1558,
2014-10,0.3557,0.7426,1.5647,2.3054,2.9766,3.0938,
2014-11,,0.5957,1.3003,1.9853,2.6605,2.7845,
2014-12,,0.5161,1.1987,1.8196,2.4808,2.6077,
2015-01,,0.4179,0.9086,1.3867,2.0083,2.1378,
2015-02,,0.5861,1.2811,1.8567,2.4648,2.5844,
2015-03,,0.4338,1.0851,1.6605,2.2909,2.4176,
2015-04,,0.5721,1.3017,1.9447,2.5347,2.6403,
2015-05,,0.5526,1.263,1.9178,2.5294,2.6207,
2015-06,0.4559,0.6593,1.4567,2.1552,2.7485,2.8273,
2015-07,,0.6782,1.3892,2.0074,2.5863,2.6588,
2015-08,,0.6412,1.3454,1.9669,2.5998,2.6807,
2015-09,0.4675,0.5432,1.184,1.7919,2.5118,2.6127,
2015-10,0.4654,0.5999,1.2853,1.9457,2.6502,2.7545,
2015-11,,0.5918,1.2399,1.8741,2.5946,2.6793,
2015-12,,0.6758,1.3752,2.0097,2.7092,2.8024,
2016-01,,0.3436,0.9573,1.6355,2.3858,2.4938,2.4433
2016-02,,0.2513,0.6909,1.4096,2.3061,2.4462,2.4127
2016-03,,0.3411,0.8064,1.5041,2.3188,2.4251,2.3732
2016-04,,0.4515,0.9684,1.6947,2.4476,2.5357,2.4742
2016-05,,0.3935,0.9044,1.5474,2.2818,2.36,2.2876
2016-06,0.436,0.079,0.3959,1.0263,1.7905,1.8693,1.7869
2016-07,,0.0413,0.2752,0.7998,1.567,1.679,1.6282
2016-08,,0.0893,0.2182,0.6615,1.2793,1.3647,1.3222
2016-09,,0.0737,0.2591,0.7968,1.5211,1.6215,1.5916
2016-10,0.15,0.2336,0.6341,1.2877,1.9205,1.9823,1.9183
2016-11,,0.1246,0.6747,1.4765,2.1026,2.1372,2.0471
2016-12,,0.0438,0.5495,1.2955,1.9308,1.9728,1.896
2017-01,,0.1742,0.7134,1.4858,2.1078,2.1446,2.0665
2017-02,,0.046,0.4196,1.1303,1.8546,1.9078,1.8296
2017-03,,0.0872,0.4384,1.1343,1.8285,1.8788,1.7944
2017-04,,0.0351,0.4062,1.1067,1.8271,1.8773,1.7936
2017-05,0.0358,0.0777,0.3898,1.0669,1.7856,1.8422,1.7629
2017-06,0.0786,0.3074,0.6352,1.2971,1.9618,2.0076,1.9307
2017-07,,0.229,0.5555,1.2613,1.9555,2.0081,1.9356
2017-08,,0.127,0.4195,1.0758,1.7913,1.8466,1.7727
2017-09,,0.4337,0.7839,1.4009,2.0041,2.0431,1.9661
2017-10,,0.4508,0.7923,1.3894,1.9978,2.0323,1.9446
2017-11,,0.4953,0.8269,1.3844,1.9538,1.9946,1.9216
2017-12,0.2729,0.425,0.7444,1.258,1.8281,1.8749,1.8055
2018-01,,0.6883,1.0427,1.5477,1.9947,2.0211,1.947
2018-02,,0.7305,1.0755,1.5738,1.9789,1.9866,1.9054
2018-03,,0.7693,1.0304,1.424,1.7608,1.773,1.7064
2018-04,0.5875,0.7227,1.0485,1.5084,1.8788,1.8965,1.8335
2018-05,,0.5551,0.8774,1.3335,1.7559,1.7678,1.6993
2018-06,,0.6861,0.9686,1.391,1.7941,1.8133,1.7511
2018-07,,0.7419,1.0236,1.4422,1.8254,1.8459,1.7866
2018-08,,0.7329,1.0148,1.4116,1.826,1.8534,1.7962
2018-09,,0.8357,1.1516,1.568,1.9675,1.9957,1.947
2018-10,,0.7454,1.0135,1.4322,1.9052,1.946,1.9039
2018-11,,0.7463,0.9318,1.3685,2.0894,2.1825,2.153
2018-12,0.7108,0.7302,0.9069,1.3052,1.8683,1.92,1.8677
2019-01,,0.7445,0.8885,1.2543,1.7525,1.7995,1.7596
2019-02,,0.8058,0.9697,1.333,1.855,1.9036,1.856
2019-03,,0.6213,0.7121,1.0361,1.5953,1.6439,1.5885
2019-04,0.7504,0.7325,0.8703,1.2169,1.7244,1.7671,1.7182
2019-05,,0.5773,0.6227,0.9332,1.4901,1.5591,1.5259
2019-06,0.6432,0.5903,0.614,0.8914,1.4875,1.5661,1.5356
2019-07,,0.386,0.3804,0.6791,1.3165,1.4105,1.3964
2019-08,,0.3827,0.2995,0.4426,1.0066,1.0953,1.0707
2019-09,,0.3479,0.2517,0.4567,0.9823,1.0458,1.0134
2019-10,,0.4832,0.3974,0.5984,1.1358,1.2016,1.1686
2019-11,,0.5399,0.4852,0.6848,1.212,1.273,1.2315
2019-12,0.7014,0.5293,0.5789,0.8214,1.3421,1.3965,1.3488
2020-01,,0.4612,0.3773,0.5295,1.0328,1.095,1.0571
2020-02,,0.3353,0.2813,0.4331,0.9434,1.0082,0.9683
2020-03,,0.1396,0.1627,0.3616,0.8642,0.9017,0.8396
2020-04,0.0636,0.0347,0.0614,0.2439,0.6119,0.6306,0.5701
2020-05,,-0.0265,-0.0355,0.1845,0.6049,0.6468,0.6059
2020-06,0.0358,-0.0697,-0.0626,0.1917,0.6586,0.6995,0.6646
2020-07,,-0.0937,-0.1277,0.1252,0.6249,0.6822,0.6569
2020-08,,-0.0727,-0.0031,0.3533,0.8949,0.9612,0.9433
2020-09,,-0.0538,-0.0562,0.2562,0.7705,0.8295,0.807
2020-10,-0.0258,-0.0532,-0.0247,0.2976,0.8189,0.8832,0.8641
2020-11,,-0.02,0.0385,0.3555,0.8531,0.914,0.8938
2020-12,,-0.1353,-0.0642,0.2308,0.7242,0.7964,0.7769
2021-01,,-0.0956,0.0125,0.372,0.8791,0.9486,0.9302
2021-02,,0.0943,0.3896,0.8926,1.3834,1.4345,1.4181
2021-03,-0.0636,0.0725,0.3901,0.9282,1.4056,1.449,1.4153
2021-04,,0.0759,0.4036,0.931,1.3518,1.391,1.3627
2021-05,,0.0583,0.3626,0.8888,1.3255,1.3571,1.3282
2021-06,0.0301,0.0816,0.3618,0.8202,1.2636,1.295,1.2682
2021-07,,0.0711,0.2867,0.65,1.0212,1.0447,1.0085
2021-08,,0.1582,0.3453,0.7138,1.1012,1.1199,1.0794
2021-09,,0.3318,0.6186,1.0429,1.4265,1.4461,1.4076
2021-10,,0.6503,0.7935,1.0393,1.1933,1.1715,1.1091
2021-11,,0.4333,0.5809,0.8244,1.0044,0.9505,0.8591
2021-12,-0.0737,0.6246,0.7621,0.9785,1.2152,1.1985,1.125
2022-01,,1.0075,1.102,1.3238,1.5338,1.5211,1.4547
2022-02,,1.0529,1.1001,1.4274,1.69,1.6533,1.5902
2022-03,,1.375,1.4276,1.6264,1.8592,1.8234,1.7487
2022-04,0.9303,1.6111,1.6898,1.9191,2.1488,2.0963,2.0004
2022-05,,1.6207,1.7197,2.1303,2.5046,2.4653,2.3837
2022-06,1.1067,1.9116,1.9327,2.2942,2.7155,2.6696,2.5734
2022-07,,1.726,1.6087,1.9277,2.5456,2.5257,2.4154
2022-08,,2.9716,2.7303,2.8624,3.2512,3.1673,3.0176
2022-09,,4.3235,4.3172,4.1021,3.9372,3.7555,3.5417
2022-10,2.5762,3.336,3.5657,3.6167,3.8567,3.7067,3.4857
2022-11,,3.2804,3.2234,3.2515,3.5798,3.5101,3.3498
2022-12,,3.5787,3.5814,3.7312,4.0766,4.0051,3.8498
2023-01,,3.2922,3.2138,3.4113,3.8409,3.8004,3.6892
2023-02,,3.8589,3.6845,3.7806,4.2094,4.1809,4.0638
2023-03,,3.7107,3.4063,3.4781,3.9168,3.907,3.8168
2023-04,4.1179,3.9543,3.6178,3.6783,4.1263,4.1236,4.0389
2023-05,,4.4681,4.1168,4.1155,4.5201,4.5224,4.454
2023-06,4.5382,5.2621,4.6794,4.2884,4.468,4.4026,4.259
2023-07,,4.9054,4.3854,4.2135,4.4772,4.4392,4.342
2023-08,,4.8039,4.3822,4.292,4.6307,4.6083,4.5089
2023-09,,4.5873,4.2705,4.3923,4.8901,4.9169,4.8538
2023-10,4.9395,4.5325,4.2932,4.5067,5.0075,5.0203,4.9497
2023-11,,4.3747,4.0072,4.1773,4.7011,4.7216,4.6541
2023-12,,3.7254,3.3054,3.5803,4.1895,4.2046,4.1414
2024-01,5.0678,3.9926,3.5969,3.8427,4.4855,4.5322,4.4878
2024-02,,4.3247,3.9697,4.0735,4.5605,4.5943,4.548
2024-03,,4.1696,3.7501,3.8917,4.4265,4.4636,4.4248
2024-04,,4.5332,4.1938,4.316,4.7974,4.8309,4.7836
2024-05,,4.4726,4.1463,4.2693,4.7409,4.7808,4.7415
2024-06,4.683,4.3291,3.9903,4.1534,4.6603,4.7035,4.6635
2024-07,,4.0248,3.7421,3.9721,4.5312,4.5962,4.5759
2024-08,,3.957,3.7552,3.971,4.4922,4.5629,4.5544
2024-09,,3.8452,3.7187,3.9915,4.5657,4.6476,4.6373
2024-10,4.4566,4.242,4.1657,4.4096,4.8732,4.9139,4.8756
2024-11,,4.0702,3.9719,4.2333,4.7489,4.8055,4.7785
2024-12,4.5892,4.1983,4.2211,4.5701,5.1279,5.1823,5.1486
2025-01,,4.0117,4.1262,4.5379,5.1117,5.1683,5.1384
2025-02,,3.95,4.0676,4.4835,5.0601,5.1315,5.1182
2025-03,3.8803,3.9881,4.1615,4.6611,5.2895,5.3602,5.3391
2025-04,,3.601,3.8197,4.4529,5.2325,5.3347,5.3231
2025-05,,3.8541,4.0699,4.6712,5.4029,5.4961,5.4929
2025-06,4.149,3.6694,3.8714,4.5139,5.2987,5.4136,5.4207
2025-07,3.9345,3.7029,3.9283,4.6023,5.4098,5.5215,5.5235
2025-08,,3.7893,4.0449,4.7688,5.6223,5.7657,5.7884
2025-09,,3.8458,4.0871,4.7628,5.5398,5.657,5.6614
2025-10,,3.6335,3.8504,4.4773,5.2062,5.3069,5.3138
2025-11,,3.6177,3.8833,4.5335,5.2307,5.3178,5.3161
2025-12,,3.6325,3.9366,4.5716,5.2418,5.321,5.313
2026-01,,3.6282,3.9707,4.6274,5.3222,5.4123,5.4119
2026-02,,3.4237,3.7181,4.3519,5.0654,5.1683,5.1787
2026-03,,4.283,4.4076,4.9442,5.5741,5.6474,5.6333
2026-04,3.7651,4.3178,4.4719,5.0557,5.7348,5.8216,5.8115
2026-05,,4.0905,4.2967,4.8604,5.5485,5.6417,5.6312
2026-06,,4.0485,4.267,4.8267,5.5154,5.617,5.6147
2026-07,3.7022,4.2991,4.5588,5.104,5.7995,5.9013,5.8916
2026-08,,4.3191,4.5968,5.141,5.824,5.9186,5.9062
2026-09,,4.6625,4.9415,5.4028,5.9766,6.0395,5.9974
